qseqid,contig,orf,sseqid,pident,length,evalue,bitscore,Q_SUB,Q_HSP,classification_1,classification_2,sample,campaign,orf_coverage,orf_length,contig_coverage,contig_length,readno_orf,RPK,GPM,P_contig_cov,orf_id,contig_id
k121_1418232_1,k121_1418232,1,gb|ACJ47200.1|ARO:3002612|aadA12,100,84,6.20E-57,172,99,99,aminoglycoside antibiotic,aadA12,M01,DRY1,2.414,186,2.308,650,2.99336,16.09333333,0.128631165,3.20E-05,M01:k121_1418232_1,M01:k121_1418232
k121_1418232_2,k121_1418232,2,gb|AAC44316.1|ARO:3005010|qacEdelta1,100,77,8.28E-47,141,100,100,unclassified,qacEdelta1,M01,DRY1,1.866,231,2.308,650,2.87364,12.44,0.099430718,3.20E-05,M01:k121_1418232_2,M01:k121_1418232
k121_30784_1,k121_30784,1,gb|CAJ32504.1|ARO:3002606|aadA6,100,281,0,570,99,99,aminoglycoside antibiotic,aadA6,M02,DRY1,8.747,846,9.31,1861,49.33308,58.31333333,0.410840675,8.33E-05,M02:k121_30784_1,M02:k121_30784
k121_30784_2,k121_30784,2,gb|AAN41427.1|ARO:3001775|OXA-119,99.624,266,0,544,99,99,cephalosporin;penam,OXA-119,M02,DRY1,9.389,797,9.31,1861,49.88688667,62.59333333,0.440994981,8.33E-05,M02:k121_30784_2,M02:k121_30784
k121_300880_2,k121_300880,2,gb|CAJ32504.1|ARO:3002606|aadA6,99.606,254,0,517,99,99,aminoglycoside antibiotic,aadA6,M03,DRY1,5.991,765,5.229,1864,30.5541,39.94,0.290334954,4.42E-05,M03:k121_300880_2,M03:k121_300880
k121_300880_3,k121_300880,3,gb|AAN41427.1|ARO:3001775|OXA-119,99.624,266,0,543,99,99,cephalosporin;penam,OXA-119,M03,DRY1,4.881,792,5.229,1864,25.77168,32.54,0.236542299,4.42E-05,M03:k121_300880_3,M03:k121_300880
k121_1228798_2,k121_1228798,2,gb|AEJ33969.1|ARO:3000410|sul1,100,279,0,553,99,99,sulfonamide antibiotic;sulfone antibiotic,sul1,M04,DRY2,3.744,840,5.131,1754,20.9664,24.96,0.220926156,5.61E-05,M04:k121_1228798_2,M04:k121_1228798
k121_1228798_3,k121_1228798,3,gb|AAC44316.1|ARO:3005010|qacEdelta1,100,115,5.86E-77,219,99,99,unclassified,qacEdelta1,M04,DRY2,4.254,315,5.131,1754,8.9334,28.36,0.251020264,5.61E-05,M04:k121_1228798_3,M04:k121_1228798
k121_275094_1,k121_275094,1,gb|AAA27459.1|ARO:3004683|aadS,99.394,165,1.74E-118,333,100,100,aminoglycoside antibiotic,aadS,M05,DRY2,3.943,494,7.166,3430,12.98561333,26.28666667,0.204787468,7.78E-05,M05:k121_275094_1,M05:k121_275094
k121_275094_2,k121_275094,2,gb|AKO71461.1|ARO:3004608|EreD,99.265,408,0,829,99,99,macrolide antibiotic,EreD,M05,DRY2,8.199,1225,7.166,3430,66.9585,54.66,0.425831207,7.78E-05,M05:k121_275094_2,M05:k121_275094
k121_683989_1,k121_683989,1,gb|CAH10847.1|ARO:3002620|aadA23,91.139,79,5.23E-49,152,99,99,aminoglycoside antibiotic,aadA23,M05,DRY2,6.221,240,20.931,2260,9.9536,41.47333333,0.323099883,0.000227286,M05:k121_683989_1,M05:k121_683989
k121_683989_2,k121_683989,2,gb|AAC44316.1|ARO:3005010|qacEdelta1,100,115,5.86E-77,219,99,99,unclassified,qacEdelta1,M05,DRY2,16.172,348,20.931,2260,37.51904,107.8133333,0.83992466,0.000227286,M05:k121_683989_2,M05:k121_683989
k121_683989_3,k121_683989,3,gb|AEJ33969.1|ARO:3000410|sul1,100,279,0,553,99,99,sulfonamide antibiotic;sulfone antibiotic,sul1,M05,DRY2,22.417,840,20.931,2260,125.5352,149.4466667,1.16427103,0.000227286,M05:k121_683989_3,M05:k121_683989
k121_392313_1,k121_392313,1,gb|AAK15582.1|ARO:3001428|OXA-34,100,100,1.18E-68,202,100,100,cephalosporin;penam,OXA-34,M06,DRY2,1.92,300,4.095,1020,3.84,12.8,0.107482438,4.31E-05,M06:k121_392313_1,M06:k121_392313
k121_392313_2,k121_392313,2,gb|CAH10847.1|ARO:3002620|aadA23,99.531,213,1.37E-155,427,99,99,aminoglycoside antibiotic,aadA23,M06,DRY2,4.68,641,4.095,1020,19.9992,31.2,0.261988444,4.31E-05,M06:k121_392313_2,M06:k121_392313
k121_590123_1,k121_590123,1,gb|AAW66497.1|ARO:3000566|tet(39),100,61,5.40E-36,120,98,98,tetracycline antibiotic,tet(39),M06,DRY2,1,149,12.683,4895,0.993333333,6.666666667,0.055980437,0.000133513,M06:k121_590123_1,M06:k121_590123
k121_590123_3,k121_590123,3,gb|ABI20451.1|ARO:3003741|mphE,100,294,0,600,99,99,macrolide antibiotic,mphE,M06,DRY2,7.655,881,12.683,4895,44.96036667,51.03333333,0.428530243,0.000133513,M06:k121_590123_3,M06:k121_590123
k121_590123_4,k121_590123,4,gb|ACB05808.1|ARO:3003109|msrE,100,491,0,1000,99,99,lincosamide antibiotic;macrolide antibiotic;oxazolidinone antibiotic;phenicol antibiotic;pleuromutilin antibiotic;streptogramin antibiotic;tetracycline antibiotic,msrE,M06,DRY2,13.085,1476,12.683,4895,128.7564,87.23333333,0.732504014,0.000133513,M06:k121_590123_4,M06:k121_590123
k121_891570_3,k121_891570,3,gb|AEJ33969.1|ARO:3000410|sul1,100,279,0,553,99,99,sulfonamide antibiotic;sulfone antibiotic,sul1,M06,DRY2,42.119,840,48.923,3617,235.8664,280.7933333,2.357840014,0.00051501,M06:k121_891570_3,M06:k121_891570
k121_891570_4,k121_891570,4,gb|AAC44316.1|ARO:3005010|qacEdelta1,100,115,5.86E-77,219,99,99,unclassified,qacEdelta1,M06,DRY2,23.098,348,48.923,3617,53.58736,153.9866667,1.293036127,0.00051501,M06:k121_891570_4,M06:k121_891570
k121_891570_5,k121_891570,5,gnl|X12870|idbi1515,100,1014,0,1873,100,100,intI1,intI1,M06,DRY2,71.256,1014,48.923,3617,481.69056,475.04,3.988941998,0.00051501,M06:k121_891570_5,M06:k121_891570
k121_688610_3,k121_688610,3,gb|AEJ33969.1|ARO:3000410|sul1,100,279,0,553,99,99,sulfonamide antibiotic;sulfone antibiotic,sul1,M07,RAIN1,16.117,839,13.238,2128,90.14775333,107.4466667,0.900833535,0.000122275,M07:k121_688610_3,M07:k121_688610
k121_688610_4,k121_688610,4,gb|AAC44316.1|ARO:3005010|qacEdelta1,100,115,5.86E-77,219,99,99,unclassified,qacEdelta1,M07,RAIN1,6.901,344,13.238,2128,15.82629333,46.00666667,0.385720185,0.000122275,M07:k121_688610_4,M07:k121_688610
k121_69177_1,k121_69177,1,gb|AAM92461.1|ARO:3002680|catB8,100,210,1.56E-160,438,99,99,phenicol antibiotic,catB8,M07,RAIN1,3.934,572,3.924,1827,15.00165333,26.22666667,0.21988454,3.62E-05,M07:k121_69177_1,M07:k121_69177
k121_69177_2,k121_69177,2,gb|AHK10285.1|ARO:3002859|dfrA14,99.363,157,5.72E-119,329,98,98,diaminopyrimidine antibiotic,dfrA14,M07,RAIN1,2.592,463,3.924,1827,8.00064,17.28,0.14487563,3.62E-05,M07:k121_69177_2,M07:k121_69177
k121_209481_2,k121_209481,2,gb|AAZ42322.1|ARO:3003836|qacH,99.091,110,1.10E-72,208,99,99,fluoroquinolone antibiotic,qacH,M08,RAIN1,3.344,314,7.674,1089,7.000106667,22.29333333,0.190075621,7.37E-05,M08:k121_209481_2,M08:k121_209481
k121_777610_1,k121_777610,1,gb|AHK10285.1|ARO:3002859|dfrA14,99.363,157,5.72E-119,329,98,98,diaminopyrimidine antibiotic,dfrA14,M08,RAIN1,3.388,479,9.13,3775,10.81901333,22.58666667,0.192576617,8.76E-05,M08:k121_777610_1,M08:k121_777610
k121_777610_2,k121_777610,2,gb|AAM92461.1|ARO:3002680|catB8,100,210,1.56E-160,438,99,99,phenicol antibiotic,catB8,M08,RAIN1,4.281,630,9.13,3775,17.9802,28.54,0.243335447,8.76E-05,M08:k121_777610_2,M08:k121_777610
k121_777610_3,k121_777610,3,gb|AAC44316.1|ARO:3005010|qacEdelta1,100,115,5.86E-77,219,99,99,unclassified,qacEdelta1,M08,RAIN1,7.687,348,9.13,3775,17.83384,51.24666667,0.436935198,8.76E-05,M08:k121_777610_3,M08:k121_777610
k121_777610_4,k121_777610,4,gb|AEJ33969.1|ARO:3000410|sul1,100,279,0,553,99,99,sulfonamide antibiotic;sulfone antibiotic,sul1,M08,RAIN1,10.714,838,9.13,3775,59.85554667,71.42666667,0.608992287,8.76E-05,M08:k121_777610_4,M08:k121_777610
k121_825273_1,k121_825273,1,gb|ABI20451.1|ARO:3003741|mphE,100,197,4.29E-146,404,100,100,macrolide antibiotic,mphE,M08,RAIN1,3.976,591,7.19,3502,15.66544,26.50666667,0.225999005,6.90E-05,M08:k121_825273_1,M08:k121_825273
k121_825273_2,k121_825273,2,gb|ACB05808.1|ARO:3003109|msrE,100,491,0,1000,99,99,lincosamide antibiotic;macrolide antibiotic;oxazolidinone antibiotic;phenicol antibiotic;pleuromutilin antibiotic;streptogramin antibiotic;tetracycline antibiotic,msrE,M08,RAIN1,5.988,1476,7.19,3502,58.92192,39.92,0.340362686,6.90E-05,M08:k121_825273_2,M08:k121_825273
k121_209481_1,k121_209481,1,gnl|X58425|idbi475,100,417,0,771,100,100,intI1,intI1,M08,RAIN1,7.451,417,7.674,1089,20.71378,49.67333333,0.42352077,7.37E-05,M08:k121_209481_1,M08:k121_209481
k121_796825_1,k121_796825,1,gb|AAC44316.1|ARO:3005010|qacEdelta1,100,115,5.86E-77,219,99,99,unclassified,qacEdelta1,M09,RAIN1,3.394,348,7.53,2251,7.87408,22.62666667,0.19015349,7.44E-05,M09:k121_796825_1,M09:k121_796825
k121_796825_2,k121_796825,2,gb|AEJ33969.1|ARO:3000410|sul1,100,279,0,553,99,99,sulfonamide antibiotic;sulfone antibiotic,sul1,M09,RAIN1,9.268,840,7.53,2251,51.9008,61.78666667,0.519252369,7.44E-05,M09:k121_796825_2,M09:k121_796825
k121_680_1,k121_680,1,gb|ACB05808.1|ARO:3003109|msrE,99.796,491,0,998,99,99,lincosamide antibiotic;macrolide antibiotic;oxazolidinone antibiotic;phenicol antibiotic;pleuromutilin antibiotic;streptogramin antibiotic;tetracycline antibiotic,msrE,M10,RAIN1,6.033,1464,5.38,2147,58.88208,40.22,0.387200068,5.77E-05,M10:k121_680_1,M10:k121_680
k121_680_2,k121_680,2,gb|ABI20451.1|ARO:3003741|mphE,99.422,173,2.37E-124,348,100,100,macrolide antibiotic,mphE,M10,RAIN1,3.468,519,5.38,2147,11.99928,23.12,0.222577463,5.77E-05,M10:k121_680_2,M10:k121_680
k121_227068_1,k121_227068,1,gb|ACB05808.1|ARO:3003109|msrE,100,422,0,864,99,99,lincosamide antibiotic;macrolide antibiotic;oxazolidinone antibiotic;phenicol antibiotic;pleuromutilin antibiotic;streptogramin antibiotic;tetracycline antibiotic,msrE,M12,RAIN1,6.835,1269,6.853,1751,57.8241,45.56666667,0.33436151,6.93E-05,M12:k121_227068_1,M12:k121_227068
k121_227068_2,k121_227068,2,gb|ABI20451.1|ARO:3003741|mphE,100,142,4.22E-102,290,100,100,macrolide antibiotic,mphE,M12,RAIN1,3.521,426,6.853,1751,9.99964,23.47333333,0.172243874,6.93E-05,M12:k121_227068_2,M12:k121_227068
k121_1366015_1,k121_1366015,1,gb|AAD02244.1|ARO:3002580|AAC(6')-Ib9,97.537,203,6.32E-149,412,72,72,aminoglycoside antibiotic,AAC(6')-Ib9,M13,RAIN1,11.737,849,11.977,2487,66.43142,78.24666667,0.583893539,8.64E-05,M13:k121_1366015_1,M13:k121_1366015
k121_1366015_2,k121_1366015,2,gb|AAM77075.1|ARO:3002695|cmlA5,100,390,0,767,99,99,phenicol antibiotic,cmlA5,M13,RAIN1,10.592,1172,11.977,2487,82.75882667,70.61333333,0.526931956,8.64E-05,M13:k121_1366015_2,M13:k121_1366015
k121_1457057_1,k121_1457057,1,gb|AAC44316.1|ARO:3005010|qacEdelta1,100,115,5.86E-77,219,99,99,unclassified,qacEdelta1,M13,RAIN1,129.17,348,147.781,2027,299.6744,861.1333333,6.425963063,0.001066088,M13:k121_1457057_1,M13:k121_1457057
k121_1457057_2,k121_1457057,2,gb|AEJ33969.1|ARO:3000410|sul1,100,279,0,553,99,99,sulfonamide antibiotic;sulfone antibiotic,sul1,M13,RAIN1,143.086,840,147.781,2027,801.2816,953.9066667,7.118257729,0.001066088,M13:k121_1457057_2,M13:k121_1457057
k121_1629955_1,k121_1629955,1,gb|AAC76298.1|ARO:3000502|acrF,99.085,328,0,659,100,100,cephalosporin;cephamycin;fluoroquinolone antibiotic;penam,acrF,M13,RAIN1,9.664,867,9.149,4410,55.85792,64.42666667,0.480765712,6.60E-05,M13:k121_1629955_1,M13:k121_1629955
k121_1629955_2,k121_1629955,2,gb|AAC76297.1|ARO:3000499|acrE,100,385,0,785,99,99,cephalosporin;cephamycin;fluoroquinolone antibiotic;penam,acrE,M13,RAIN1,8.67,1158,9.149,4410,66.9324,57.8,0.431316093,6.60E-05,M13:k121_1629955_2,M13:k121_1629955
k121_1629955_3,k121_1629955,3,gb|AAC76296.1|ARO:3000656|acrS,100,220,6.09E-168,457,99,99,cephalosporin;cephamycin;fluoroquinolone antibiotic;glycylcycline;penam;phenicol antibiotic;rifamycin antibiotic;tetracycline antibiotic;triclosan,acrS,M13,RAIN1,4.239,599,9.149,4410,16.92774,28.26,0.210882228,6.60E-05,M13:k121_1629955_3,M13:k121_1629955
k121_1694639_1,k121_1694639,1,gb|CAA26199.1|ARO:3004089|ANT(3'')-IIa,100,266,0,534,99,99,aminoglycoside antibiotic,ANT(3'')-IIa,M13,RAIN1,118.041,801,56.406,1874,630.33894,786.94,5.872316373,0.000406911,M13:k121_1694639_1,M13:k121_1694639
k121_1694639_2,k121_1694639,2,gb|AHK10285.1|ARO:3002859|dfrA14,99.363,157,5.72E-119,329,98,98,diaminopyrimidine antibiotic,dfrA14,M13,RAIN1,6.933,476,56.406,1874,22.00072,46.22,0.34490363,0.000406911,M13:k121_1694639_2,M13:k121_1694639
k121_1708054_1,k121_1708054,1,gb|BAB36671.1|ARO:3000832|evgA,100,162,7.91E-119,330,100,100,fluoroquinolone antibiotic;macrolide antibiotic;penam;tetracycline antibiotic,evgA,M13,RAIN1,5.572,484,8.948,2246,17.97898667,37.14666667,0.277196456,6.46E-05,M13:k121_1708054_1,M13:k121_1708054
k121_1708054_2,k121_1708054,2,gb|BAA11236.1|ARO:3000206|emrK,99.43,351,0,715,90,90,tetracycline antibiotic,emrK,M13,RAIN1,7.112,1159,8.948,2246,54.95205333,47.41333333,0.353808541,6.46E-05,M13:k121_1708054_2,M13:k121_1708054
k121_1708054_3,k121_1708054,3,gb|BAA11237.1|ARO:3000254|emrY,100,60,6.70E-35,119,100,100,tetracycline antibiotic,emrY,M13,RAIN1,3.322,180,8.948,2246,3.9864,22.14666667,0.165263214,6.46E-05,M13:k121_1708054_3,M13:k121_1708054
k121_451222_2,k121_451222,2,gb|AAB53445.1|ARO:3002897|SAT-4,99.444,180,1.32E-134,370,99,99,nucleoside antibiotic,SAT-4,M13,RAIN1,3.276,543,6.374,1643,11.85912,21.84,0.162974801,4.60E-05,M13:k121_451222_2,M13:k121_451222
k121_451222_3,k121_451222,3,gb|AGV10830.1|ARO:3002647|APH(3')-IIIa,100,264,0,536,99,99,aminoglycoside antibiotic,APH(3')-IIIa,M13,RAIN1,7.512,795,6.374,1643,39.8136,50.08,0.373707785,4.60E-05,M13:k121_451222_3,M13:k121_451222
k121_605439_2,k121_605439,2,gb|AAA27471.1|ARO:3000205|tetX,99.742,388,0,799,99,99,glycylcycline;tetracycline antibiotic,tetX,M13,RAIN1,50.977,1167,135.174,9053,396.60106,339.8466667,2.536009283,0.000975141,M13:k121_605439_2,M13:k121_605439
k121_605439_7,k121_605439,7,gb|AAA27459.1|ARO:3004683|aadS,100,287,0,583,99,99,aminoglycoside antibiotic,aadS,M13,RAIN1,29.16,864,135.174,9053,167.9616,194.4,1.450654819,0.000975141,M13:k121_605439_7,M13:k121_605439
k121_62174_1,k121_62174,1,gb|AAC75137.1|ARO:3000794|mdtC,99.894,946,0,1911,99,99,aminocoumarin antibiotic,mdtC,M13,RAIN1,8.788,2841,8.817,7058,166.44472,58.58666667,0.43718637,6.36E-05,M13:k121_62174_1,M13:k121_62174
k121_62174_3,k121_62174,3,gb|BAA15934.1|ARO:3000829|baeS,100,467,0,953,99,99,aminocoumarin antibiotic;aminoglycoside antibiotic,baeS,M13,RAIN1,7.108,1404,8.817,7058,66.53088,47.38666667,0.353609549,6.36E-05,M13:k121_62174_3,M13:k121_62174
k121_62174_4,k121_62174,4,gb|BAA15935.1|ARO:3000828|baeR,100,240,1.67E-178,486,99,99,aminocoumarin antibiotic;aminoglycoside antibiotic,baeR,M13,RAIN1,7.981,722,8.817,7058,38.41521333,53.20666667,0.397039647,6.36E-05,M13:k121_62174_4,M13:k121_62174
k121_72532_1,k121_72532,1,gb|ACB05808.1|ARO:3003109|msrE,100,491,0,1000,99,99,lincosamide antibiotic;macrolide antibiotic;oxazolidinone antibiotic;phenicol antibiotic;pleuromutilin antibiotic;streptogramin antibiotic;tetracycline antibiotic,msrE,M13,RAIN1,340.009,1476,238.533,5963,3345.68856,2266.726667,16.91480433,0.00172077,M13:k121_72532_1,M13:k121_72532
k121_72532_2,k121_72532,2,gb|ABI20451.1|ARO:3003741|mphE,100,294,0,600,99,99,macrolide antibiotic,mphE,M13,RAIN1,318.319,885,238.533,5963,1878.0821,2122.126667,15.83576787,0.00172077,M13:k121_72532_2,M13:k121_72532
k121_852659_1,k121_852659,1,gb|EOU56998.1|ARO:3004597|Klebsiella,96.364,220,4.64E-151,426,100,100,aminoglycoside antibiotic;carbapenem;cephalosporin;fluoroquinolone antibiotic;macrolide antibiotic;penam;penem;peptide antibiotic,Klebsiella pneumoniae KpnH,M13,RAIN1,8.839,660,7.395,10689,38.8916,58.92666667,0.439723523,5.33E-05,M13:k121_852659_1,M13:k121_852659
k121_852659_2,k121_852659,2,gb|BAA16547.1|ARO:3000027|emrA,88.974,390,0,701,99,99,fluoroquinolone antibiotic,emrA,M13,RAIN1,6.522,1149,7.395,10689,49.95852,43.48,0.324457158,5.33E-05,M13:k121_852659_2,M13:k121_852659
k121_852659_3,k121_852659,3,gb|AAC75731.1|ARO:3000516|emrR,92.045,176,1.51E-122,339,99,99,fluoroquinolone antibiotic,emrR,M13,RAIN1,5.61,531,7.395,10689,19.8594,37.4,0.279086884,5.33E-05,M13:k121_852659_3,M13:k121_852659
k121_1425685_1,k121_1425685,1,gb|AAC76296.1|ARO:3000656|acrS,100,152,2.60E-113,317,100,100,cephalosporin;cephamycin;fluoroquinolone antibiotic;glycylcycline;penam;phenicol antibiotic;rifamycin antibiotic;tetracycline antibiotic;triclosan,acrS,M14,RAIN1,4.934,456,4.499,1067,14.99936,32.89333333,0.282072022,3.81E-05,M14:k121_1425685_1,M14:k121_1425685
k121_1425685_2,k121_1425685,2,gb|AAC76297.1|ARO:3000499|acrE,98.592,71,3.59E-47,150,100,100,cephalosporin;cephamycin;fluoroquinolone antibiotic;penam,acrE,M14,RAIN1,1.3,213,4.499,1067,1.846,8.666666667,0.074319746,3.81E-05,M14:k121_1425685_2,M14:k121_1425685
k121_1473041_1,k121_1473041,1,gb|AAA88675.1|ARO:3000498|ErmF,99.624,266,0,536,99,99,lincosamide antibiotic;macrolide antibiotic;streptogramin antibiotic,ErmF,M14,RAIN1,26.725,800,18.549,2712,142.5333333,178.1666667,1.527842477,0.000157251,M14:k121_1473041_1,M14:k121_1473041
k121_1473041_2,k121_1473041,2,gb|AAA27471.1|ARO:3000205|tetX,99.742,388,0,799,99,99,glycylcycline;tetracycline antibiotic,tetX,M14,RAIN1,13.996,1166,18.549,2712,108.7955733,93.30666667,0.800137823,0.000157251,M14:k121_1473041_2,M14:k121_1473041
k121_162071_2,k121_162071,2,gb|ACB05808.1|ARO:3003109|msrE,100,491,0,1000,99,99,lincosamide antibiotic;macrolide antibiotic;oxazolidinone antibiotic;phenicol antibiotic;pleuromutilin antibiotic;streptogramin antibiotic;tetracycline antibiotic,msrE,M14,RAIN1,159.753,1476,72.192,11105,1571.96952,1065.02,9.13292495,0.000612016,M14:k121_162071_2,M14:k121_162071
k121_162071_3,k121_162071,3,gb|ABI20451.1|ARO:3003741|mphE,100,294,0,600,99,99,macrolide antibiotic,mphE,M14,RAIN1,145.919,885,72.192,11105,860.9221,972.7933333,8.342048511,0.000612016,M14:k121_162071_3,M14:k121_162071
k121_25776_2,k121_25776,2,gb|AAB59082.1|ARO:3001397|OXA-2,100,275,0,564,86,86,carbapenem;cephalosporin;penam,OXA-2,M14,RAIN1,18.487,954,99.413,2326,117.57732,123.2466667,1.056883962,0.000842785,M14:k121_25776_2,M14:k121_25776
k121_317387_1,k121_317387,1,gb|AHK10285.1|ARO:3002859|dfrA14,100,152,1.02E-115,320,99,99,diaminopyrimidine antibiotic,dfrA14,M14,RAIN1,3.632,413,3.493,900,10.00010667,24.21333333,0.207637937,2.96E-05,M14:k121_317387_1,M14:k121_317387
k121_317387_2,k121_317387,2,gb|AAM92461.1|ARO:3002680|catB8,94.681,94,1.77E-54,164,100,100,phenicol antibiotic,catB8,M14,RAIN1,3.163,282,3.493,900,5.94644,21.08666667,0.18082566,2.96E-05,M14:k121_317387_2,M14:k121_317387
k121_25776_1,k121_25776,1,gnl|X12870|idbi1515,100,1014,0,1873,100,100,intI1,intI1,M14,RAIN1,160.598,1014,99.413,2326,1085.64248,1070.653333,9.181232785,0.000842785,M14:k121_25776_1,M14:k121_25776
k121_122215_3,k121_122215,3,gb|ACB05808.1|ARO:3003109|msrE,100,491,0,1000,99,99,lincosamide antibiotic;macrolide antibiotic;oxazolidinone antibiotic;phenicol antibiotic;pleuromutilin antibiotic;streptogramin antibiotic;tetracycline antibiotic,msrE,M15,RAIN1,99.764,1476,59.549,7311,981.67776,665.0933333,5.936481054,0.000542566,M15:k121_122215_3,M15:k121_122215
k121_122215_4,k121_122215,4,gb|ABI20451.1|ARO:3003741|mphE,100,294,0,600,99,99,macrolide antibiotic,mphE,M15,RAIN1,84.906,885,59.549,7311,500.9454,566.04,5.052352155,0.000542566,M15:k121_122215_4,M15:k121_122215
k121_924098_1,k121_924098,1,gb|AAC44316.1|ARO:3005010|qacEdelta1,100,61,2.11E-39,122,98,98,unclassified,qacEdelta1,M15,RAIN1,7.022,186,40.296,1756,8.70728,46.81333333,0.417845816,0.000367147,M15:k121_924098_1,M15:k121_924098
k121_924098_2,k121_924098,2,gb|AEJ33969.1|ARO:3000410|sul1,100,279,0,553,99,99,sulfonamide antibiotic;sulfone antibiotic,sul1,M15,RAIN1,40.342,840,40.296,1756,225.9152,268.9466667,2.40056051,0.000367147,M15:k121_924098_2,M15:k121_924098
k121_107333_2,k121_107333,2,gb|ACB05808.1|ARO:3003109|msrE,100,491,0,1000,99,99,lincosamide antibiotic;macrolide antibiotic;oxazolidinone antibiotic;phenicol antibiotic;pleuromutilin antibiotic;streptogramin antibiotic;tetracycline antibiotic,msrE,M16,RAIN1,24.747,1476,23.213,5564,243.51048,164.98,1.386539877,0.000226333,M16:k121_107333_2,M16:k121_107333
k121_107333_3,k121_107333,3,gb|ABI20451.1|ARO:3003741|mphE,100,294,0,600,99,99,macrolide antibiotic,mphE,M16,RAIN1,22.82,885,23.213,5564,134.638,152.1333333,1.278572756,0.000226333,M16:k121_107333_3,M16:k121_107333
k121_454432_1,k121_454432,1,gb|CAH10847.1|ARO:3002620|aadA23,95.367,259,0,498,99,99,aminoglycoside antibiotic,aadA23,M16,RAIN1,9.72,779,11.673,3153,50.4792,64.8,0.544598036,0.000113815,M16:k121_454432_1,M16:k121_454432
k121_454432_2,k121_454432,2,gb|AAC44316.1|ARO:3005010|qacEdelta1,100,115,5.86E-77,219,99,99,unclassified,qacEdelta1,M16,RAIN1,6.052,344,11.673,3153,13.87925333,40.34666667,0.339085115,0.000113815,M16:k121_454432_2,M16:k121_454432
k121_454432_3,k121_454432,3,gb|AEJ33969.1|ARO:3000410|sul1,100,279,0,553,99,99,sulfonamide antibiotic;sulfone antibiotic,sul1,M16,RAIN1,10.886,837,11.673,3153,60.74388,72.57333333,0.609927389,0.000113815,M16:k121_454432_3,M16:k121_454432
k121_269566_2,k121_269566,2,gb|ACB05808.1|ARO:3003109|msrE,100,491,0,1000,99,99,lincosamide antibiotic;macrolide antibiotic;oxazolidinone antibiotic;phenicol antibiotic;pleuromutilin antibiotic;streptogramin antibiotic;tetracycline antibiotic,msrE,M17,RAIN1,20.013,1476,19.351,3972,196.92792,133.42,1.388874498,0.00024347,M17:k121_269566_2,M17:k121_269566
k121_269566_3,k121_269566,3,gb|ABI20451.1|ARO:3003741|mphE,100,294,0,600,99,99,macrolide antibiotic,mphE,M17,RAIN1,13.323,885,19.351,3972,78.6057,88.82,0.924597758,0.00024347,M17:k121_269566_3,M17:k121_269566
k121_34516_3,k121_34516,3,gb|AEJ33969.1|ARO:3000410|sul1,100,279,0,553,99,99,sulfonamide antibiotic;sulfone antibiotic,sul1,M17,RAIN1,19.273,840,16.541,4051,107.9288,128.4866667,1.337519522,0.000208115,M17:k121_34516_3,M17:k121_34516
k121_34516_4,k121_34516,4,gb|AAC44316.1|ARO:3005010|qacEdelta1,100,115,5.86E-77,219,99,99,unclassified,qacEdelta1,M17,RAIN1,13.627,330,16.541,4051,29.9794,90.84666667,0.945694937,0.000208115,M17:k121_34516_4,M17:k121_34516
k121_34516_5,k121_34516,5,gb|CAJ13568.1|ARO:3004704|aadA8b,91.506,259,5.06E-178,486,99,99,aminoglycoside antibiotic,aadA8b,M17,RAIN1,6.52,779,16.541,4051,33.86053333,43.46666667,0.452478975,0.000208115,M17:k121_34516_5,M17:k121_34516
k121_469328_1,k121_469328,1,gb|AAC44316.1|ARO:3005010|qacEdelta1,100,115,5.86E-77,219,99,99,unclassified,qacEdelta1,M18,RAIN2,4.385,325,7.66,3772,9.500833333,29.23333333,0.236849215,7.05E-05,M18:k121_469328_1,M18:k121_469328
k121_469328_2,k121_469328,2,gb|AEJ33969.1|ARO:3000410|sul1,100,279,0,553,99,99,sulfonamide antibiotic;sulfone antibiotic,sul1,M18,RAIN2,8.293,840,7.66,3772,46.4408,55.28666667,0.447933989,7.05E-05,M18:k121_469328_2,M18:k121_469328
k121_1003763_1,k121_1003763,1,gb|WP_150378267.1|ARO:3005057|Tet(X5),89.844,128,1.88E-82,243,100,100,tetracycline antibiotic,Tet(X5),M19,RAIN2,3.065,384,10.094,1527,7.8464,20.43333333,0.18832414,9.04E-05,M19:k121_1003763_1,M19:k121_1003763
k121_1003763_2,k121_1003763,2,gb|AAA27459.1|ARO:3004683|aadS,100,287,0,583,99,99,aminoglycoside antibiotic,aadS,M19,RAIN2,11.388,864,10.094,1527,65.59488,75.92,0.69971788,9.04E-05,M19:k121_1003763_2,M19:k121_1003763
k121_1324017_1,k121_1324017,1,gb|AGV10830.1|ARO:3002647|APH(3')-IIIa,100,50,1.75E-30,103,100,100,aminoglycoside antibiotic,APH(3')-IIIa,M19,RAIN2,1.907,150,5.714,630,1.907,12.71333333,0.117172638,5.12E-05,M19:k121_1324017_1,M19:k121_1324017
k121_1324017_2,k121_1324017,2,gb|AAB53445.1|ARO:3002897|SAT-4,100,128,3.06E-94,266,99,99,nucleoside antibiotic,SAT-4,M19,RAIN2,3.798,387,5.714,630,9.79884,25.32,0.23336218,5.12E-05,M19:k121_1324017_2,M19:k121_1324017
k121_1673436_1,k121_1673436,1,gb|AAA27471.1|ARO:3000205|tetX,99.742,388,0,799,99,99,glycylcycline;tetracycline antibiotic,tetX,M19,RAIN2,16.46,1167,25.35,2907,128.0588,109.7333333,1.011359001,0.00022707,M19:k121_1673436_1,M19:k121_1673436
k121_1673436_2,k121_1673436,2,gb|AAA88675.1|ARO:3000498|ErmF,99.624,266,0,536,99,99,lincosamide antibiotic;macrolide antibiotic;streptogramin antibiotic,ErmF,M19,RAIN2,41.383,801,25.35,2907,220.98522,275.8866667,2.542713825,0.00022707,M19:k121_1673436_2,M19:k121_1673436
k121_1711460_1,k121_1711460,1,gb|ACJ47200.1|ARO:3002612|aadA12,100,84,6.20E-57,172,99,99,aminoglycoside antibiotic,aadA12,M19,RAIN2,0.986,148,81.917,2337,0.972853333,6.573333333,0.060583231,0.000733764,M19:k121_1711460_1,M19:k121_1711460
k121_1711460_2,k121_1711460,2,gb|AAC44316.1|ARO:3005010|qacEdelta1,100,115,5.86E-77,219,99,99,unclassified,qacEdelta1,M19,RAIN2,76.319,348,81.917,2337,177.06008,508.7933333,4.6893018,0.000733764,M19:k121_1711460_2,M19:k121_1711460
k121_1711460_3,k121_1711460,3,gb|AEJ33969.1|ARO:3000410|sul1,100,279,0,553,99,99,sulfonamide antibiotic;sulfone antibiotic,sul1,M19,RAIN2,84.339,840,81.917,2337,472.2984,562.26,5.182078178,0.000733764,M19:k121_1711460_3,M19:k121_1711460
k121_213904_1,k121_213904,1,gb|AKN19287.1|ARO:3002578|AAC(6')-Ib7,100,41,1.93E-24,87.4,76,76,aminoglycoside antibiotic,AAC(6')-Ib7,M19,RAIN2,14.019,162,40.875,2744,15.14052,93.46,0.861375567,0.000366134,M19:k121_213904_1,M19:k121_213904
k121_213904_2,k121_213904,2,gb|AID93387.1|ARO:3004660|catB11,99.048,210,4.44E-159,434,99,99,phenicol antibiotic,catB11,M19,RAIN2,12.069,590,40.875,2744,47.4714,80.46,0.741560862,0.000366134,M19:k121_213904_2,M19:k121_213904
k121_213904_3,k121_213904,3,gb|CAA26199.1|ARO:3004089|ANT(3'')-IIa,100,263,0,528,99,99,aminoglycoside antibiotic,ANT(3'')-IIa,M19,RAIN2,102.245,792,40.875,2744,539.8536,681.6333333,6.282284392,0.000366134,M19:k121_213904_3,M19:k121_213904
k121_213904_4,k121_213904,4,gb|AHK10285.1|ARO:3002859|dfrA14,99.363,157,5.72E-119,329,98,98,diaminopyrimidine antibiotic,dfrA14,M19,RAIN2,9.311,483,40.875,2744,29.98142,62.07333333,0.572099858,0.000366134,M19:k121_213904_4,M19:k121_213904
k121_265993_2,k121_265993,2,gb|AAZ42322.1|ARO:3003836|qacH,98.182,110,2.22E-72,207,99,99,fluoroquinolone antibiotic,qacH,M19,RAIN2,70.108,333,39.775,2684,155.63976,467.3866667,4.307676602,0.000356281,M19:k121_265993_2,M19:k121_265993
k121_265993_3,k121_265993,3,gb|AAF17880.1|ARO:3002605|aadA5,99.59,244,3.03E-179,489,99,99,aminoglycoside antibiotic,aadA5,M19,RAIN2,41.518,735,39.775,2684,203.4382,276.7866667,2.551008689,0.000356281,M19:k121_265993_3,M19:k121_265993
k121_492082_2,k121_492082,2,gb|ACB05808.1|ARO:3003109|msrE,100,491,0,1000,99,99,lincosamide antibiotic;macrolide antibiotic;oxazolidinone antibiotic;phenicol antibiotic;pleuromutilin antibiotic;streptogramin antibiotic;tetracycline antibiotic,msrE,M19,RAIN2,131.61,1476,124.37,3587,1295.0424,877.4,8.08657097,0.001114032,M19:k121_492082_2,M19:k121_492082
k121_492082_3,k121_492082,3,gb|ABI20451.1|ARO:3003741|mphE,100,294,0,600,99,99,macrolide antibiotic,mphE,M19,RAIN2,103.354,885,124.37,3587,609.7886,689.0266667,6.350425165,0.001114032,M19:k121_492082_3,M19:k121_492082
k121_503749_1,k121_503749,1,gb|AAB59082.1|ARO:3001397|OXA-2,100,241,0,495,100,100,carbapenem;cephalosporin;penam,OXA-2,M19,RAIN2,19.408,723,16.799,959,93.54656,129.3866667,1.192494259,0.000150475,M19:k121_503749_1,M19:k121_503749
k121_503749_2,k121_503749,2,gb|ACM67635.1|ARO:3001800|OXA-226,100,73,1.04E-49,154,99,99,cephalosporin;penam,OXA-226,M19,RAIN2,3.914,222,16.799,959,5.79272,26.09333333,0.240489619,0.000150475,M19:k121_503749_2,M19:k121_503749
k121_546546_2,k121_546546,2,gb|ADI55014.1|ARO:3002801|QnrVC4,100,218,2.00E-163,446,99,99,fluoroquinolone antibiotic,QnrVC4,M19,RAIN2,7.461,657,58.918,6484,32.67918,49.74,0.458429496,0.000527752,M19:k121_546546_2,M19:k121_546546
k121_546546_3,k121_546546,3,gb|AAD02244.1|ARO:3002580|AAC(6')-Ib9,98.462,195,7.81E-145,398,92,92,aminoglycoside antibiotic,AAC(6')-Ib9,M19,RAIN2,23.495,639,58.918,6484,100.0887,156.6333333,1.443613593,0.000527752,M19:k121_546546_3,M19:k121_546546
k121_546546_4,k121_546546,4,gb|AAM77075.1|ARO:3002695|cmlA5,100,419,0,824,99,99,phenicol antibiotic,cmlA5,M19,RAIN2,15.506,1260,58.918,6484,130.2504,103.3733333,0.952741961,0.000527752,M19:k121_546546_4,M19:k121_546546
k121_546546_6,k121_546546,6,gb|AAG45720.1|ARO:3001405|OXA-10,99.624,266,0,544,99,99,cephalosporin;penam,OXA-10,M19,RAIN2,30.624,801,58.918,6484,163.53216,204.16,1.881643867,0.000527752,M19:k121_546546_6,M19:k121_546546
k121_588822_18,k121_588822,18,gb|BAE77933.1|ARO:3000518|CRP,89.623,212,2.16E-145,400,99,99,fluoroquinolone antibiotic;macrolide antibiotic;penam,CRP,M19,RAIN2,14.951,639,17.47,52811,63.69126,99.67333333,0.918640852,0.000156486,M19:k121_588822_18,M19:k121_588822
k121_588822_42,k121_588822,42,gb|AAC16242.1|ARO:3005069|rsmA,87.931,58,4.15E-33,104,89,89,diaminopyrimidine antibiotic;fluoroquinolone antibiotic;phenicol antibiotic,rsmA,M19,RAIN2,5.99,195,17.47,52811,7.787,39.93333333,0.368046198,0.000156486,M19:k121_588822_42,M19:k121_588822
k121_855853_1,k121_855853,1,gb|EOU56998.1|ARO:3004597|Klebsiella,100,55,6.71E-31,107,100,100,aminoglycoside antibiotic;carbapenem;cephalosporin;fluoroquinolone antibiotic;macrolide antibiotic;penam;penem;peptide antibiotic,Klebsiella pneumoniae KpnH,M19,RAIN2,2.726,164,3.893,578,2.980426667,18.17333333,0.167494814,3.49E-05,M19:k121_855853_1,M19:k121_855853
k121_855853_2,k121_855853,2,gb|BAA16547.1|ARO:3000027|emrA,100,139,2.23E-98,284,99,99,fluoroquinolone antibiotic,emrA,M19,RAIN2,2.524,416,3.893,578,6.999893333,16.82666667,0.155083239,3.49E-05,M19:k121_855853_2,M19:k121_855853
k121_546546_1,k121_546546,1,gnl|X12870|idbi1515,100,1014,0,1873,100,100,intI1,intI1,M19,RAIN2,240.877,1014,58.918,6484,1628.32852,1605.846667,14.80031119,0.000527752,M19:k121_546546_1,M19:k121_546546
k121_105590_1,k121_105590,1,gb|AAA27471.1|ARO:3000205|tetX,99.742,388,0,799,99,99,glycylcycline;tetracycline antibiotic,tetX,M20,RAIN2,12.497,1164,15.67,6773,96.97672,83.31333333,0.690598112,0.000138207,M20:k121_105590_1,M20:k121_105590
k121_105590_2,k121_105590,2,gb|AAA88675.1|ARO:3000498|ErmF,99.248,266,0,534,89,89,lincosamide antibiotic;macrolide antibiotic;streptogramin antibiotic,ErmF,M20,RAIN2,29.078,894,15.67,6773,173.30488,193.8533333,1.606882603,0.000138207,M20:k121_105590_2,M20:k121_105590
k121_1497085_1,k121_1497085,1,gb|CAP69660.1|ARO:3001811|OXA-129,97.378,267,0,535,99,99,cephalosporin;penam,OXA-129,M20,RAIN2,4.505,758,20.328,2102,22.76526667,30.03333333,0.248951308,0.00017929,M20:k121_1497085_1,M20:k121_1497085
k121_1497085_2,k121_1497085,2,gb|AAV32840.1|ARO:3002611|aadA11,99.288,281,0,566,99,99,aminoglycoside antibiotic,aadA11,M20,RAIN2,36.729,846,20.328,2102,207.15156,244.86,2.029685368,0.00017929,M20:k121_1497085_2,M20:k121_1497085
k121_1514167_1,k121_1514167,1,gb|AAC64365.1|ARO:3000230|ANT(2'')-Ia,100,72,6.09E-48,146,100,100,aminoglycoside antibiotic,ANT(2'')-Ia,M20,RAIN2,2.014,216,3.243,740,2.90016,13.42666667,0.111295879,2.86E-05,M20:k121_1514167_1,M20:k121_1514167
k121_1514167_2,k121_1514167,2,gb|ACA34904.1|ARO:3002374|VEB-6,100,125,5.05E-88,254,99,99,cephalosporin;monobactam,VEB-6,M20,RAIN2,3.846,350,3.243,740,8.974,25.64,0.212534235,2.86E-05,M20:k121_1514167_2,M20:k121_1514167
k121_167114_1,k121_167114,1,gb|AAG45720.1|ARO:3001405|OXA-10,100,266,0,545,99,99,cephalosporin;penam,OXA-10,M20,RAIN2,17.076,801,11.747,1831,91.18584,113.84,0.943638742,0.000103607,M20:k121_167114_1,M20:k121_167114
k121_167114_2,k121_167114,2,gb|AID93387.1|ARO:3004660|catB11,99.048,210,4.44E-159,434,99,99,phenicol antibiotic,catB11,M20,RAIN2,5.096,633,11.747,1831,21.50512,33.97333333,0.281610625,0.000103607,M20:k121_167114_2,M20:k121_167114
k121_270310_1,k121_270310,1,gb|AEM62764.1|ARO:3002802|QnrVC5,100,86,3.10E-60,179,99,99,fluoroquinolone antibiotic,QnrVC5,M20,RAIN2,2.261,261,11.369,1335,3.93414,15.07333333,0.124945373,0.000100273,M20:k121_270310_1,M20:k121_270310
k121_270310_2,k121_270310,2,gb|AAD02244.1|ARO:3002580|AAC(6')-Ib9,98.462,195,1.29E-144,397,94,94,aminoglycoside antibiotic,AAC(6')-Ib9,M20,RAIN2,16.708,624,11.369,1335,69.50528,111.3866667,0.923302653,0.000100273,M20:k121_270310_2,M20:k121_270310
k121_270310_3,k121_270310,3,gb|AFQ93498.1|ARO:3002676|catB3,100,86,9.05E-62,182,100,100,phenicol antibiotic,catB3,M20,RAIN2,1.676,256,11.369,1335,2.860373333,11.17333333,0.092617623,0.000100273,M20:k121_270310_3,M20:k121_270310
k121_52579_4,k121_52579,4,gb|ACB05808.1|ARO:3003109|msrE,100,491,0,1000,99,99,lincosamide antibiotic;macrolide antibiotic;oxazolidinone antibiotic;phenicol antibiotic;pleuromutilin antibiotic;streptogramin antibiotic;tetracycline antibiotic,msrE,M20,RAIN2,148.083,1476,70.046,12544,1457.13672,987.22,8.183231189,0.000617795,M20:k121_52579_4,M20:k121_52579
k121_52579_5,k121_52579,5,gb|ABI20451.1|ARO:3003741|mphE,100,294,0,600,99,99,macrolide antibiotic,mphE,M20,RAIN2,125.81,885,70.046,12544,742.279,838.7333333,6.95240045,0.000617795,M20:k121_52579_5,M20:k121_52579
k121_52579_7,k121_52579,7,gb|AAW66497.1|ARO:3000566|tet(39),100,373,0,742,99,99,tetracycline antibiotic,tet(39),M20,RAIN2,70.791,1122,70.046,12544,529.51668,471.94,3.911989351,0.000617795,M20:k121_52579_7,M20:k121_52579
k121_668135_1,k121_668135,1,gb|AAC44316.1|ARO:3005010|qacEdelta1,100,61,2.11E-39,122,98,98,unclassified,qacEdelta1,M20,RAIN2,17.129,186,49.06,1756,21.23996,114.1933333,0.946567581,0.000432702,M20:k121_668135_1,M20:k121_668135
k121_668135_2,k121_668135,2,gb|AEJ33969.1|ARO:3000410|sul1,100,279,0,553,99,99,sulfonamide antibiotic;sulfone antibiotic,sul1,M20,RAIN2,52.515,840,49.06,1756,294.084,350.1,2.902037276,0.000432702,M20:k121_668135_2,M20:k121_668135
k121_778471_2,k121_778471,2,gb|AET05998.1|ARO:3001399|OXA-4,99.275,276,0,559,95,95,cephalosporin;penam,OXA-4,M20,RAIN2,4.237,834,30.251,2613,23.55772,28.24666667,0.23414133,0.000266809,M20:k121_778471_2,M20:k121_778471
k121_778471_3,k121_778471,3,gb|CAA26199.1|ARO:3004089|ANT(3'')-IIa,99.614,259,0,519,99,99,aminoglycoside antibiotic,ANT(3'')-IIa,M20,RAIN2,50.029,780,30.251,2613,260.1508,333.5266667,2.764658152,0.000266809,M20:k121_778471_3,M20:k121_778471
k121_778471_4,k121_778471,4,gb|AAC44316.1|ARO:3005010|qacEdelta1,100,94,1.71E-60,176,100,100,unclassified,qacEdelta1,M20,RAIN2,51.84,282,30.251,2613,97.4592,345.6,2.864736025,0.000266809,M20:k121_778471_4,M20:k121_778471
k121_1022279_1,k121_1022279,1,gb|AAC44316.1|ARO:3005010|qacEdelta1,100,115,5.86E-77,219,99,99,unclassified,qacEdelta1,M21,RAIN2,16.115,348,19.097,2142,37.3868,107.4333333,1.067514247,0.000182276,M21:k121_1022279_1,M21:k121_1022279
k121_1022279_2,k121_1022279,2,gb|AEJ33969.1|ARO:3000410|sul1,100,279,0,553,99,99,sulfonamide antibiotic;sulfone antibiotic,sul1,M21,RAIN2,19.476,827,19.097,2142,107.37768,129.84,1.290158701,0.000182276,M21:k121_1022279_2,M21:k121_1022279
k121_1164151_3,k121_1164151,3,gb|AAG45720.1|ARO:3001405|OXA-10,98.872,266,0,539,99,99,cephalosporin;penam,OXA-10,M21,RAIN2,4.097,801,8.2,2058,21.87798,27.31333333,0.271399682,7.83E-05,M21:k121_1164151_3,M21:k121_1164151
k121_118067_2,k121_118067,2,gb|ACB05808.1|ARO:3003109|msrE,100,491,0,1000,99,99,lincosamide antibiotic;macrolide antibiotic;oxazolidinone antibiotic;phenicol antibiotic;pleuromutilin antibiotic;streptogramin antibiotic;tetracycline antibiotic,msrE,M21,RAIN2,16.38,1476,13.301,6113,161.1792,109.2,1.085068778,0.000126954,M21:k121_118067_2,M21:k121_118067
k121_118067_3,k121_118067,3,gb|ABI20451.1|ARO:3003741|mphE,100,294,0,600,99,99,macrolide antibiotic,mphE,M21,RAIN2,11.272,885,13.301,6113,66.5048,75.14666667,0.746696903,0.000126954,M21:k121_118067_3,M21:k121_118067
k121_118067_5,k121_118067,5,gb|AAW66497.1|ARO:3000566|tet(39),100,395,0,781,99,99,tetracycline antibiotic,tet(39),M21,RAIN2,7.558,1188,13.301,6113,59.85936,50.38666667,0.500668488,0.000126954,M21:k121_118067_5,M21:k121_118067
k121_1188868_1,k121_1188868,1,gb|CAA71699.2|ARO:3001416|OXA-21,100,159,3.98E-118,331,99,99,cephalosporin;penam,OXA-21,M21,RAIN2,4.826,466,16.536,1367,14.99277333,32.17333333,0.319691204,0.000157831,M21:k121_1188868_1,M21:k121_1188868
k121_1188868_2,k121_1188868,2,gb|CAA26199.1|ARO:3004089|ANT(3'')-IIa,99.614,259,0,519,99,99,aminoglycoside antibiotic,ANT(3'')-IIa,M21,RAIN2,21.804,780,16.536,1367,113.3808,145.36,1.444373604,0.000157831,M21:k121_1188868_2,M21:k121_1188868
k121_1164151_1,k121_1164151,1,gnl|DQ372711|idbi1592,96.643,417,0,693,100,100,intI1,intI1,M21,RAIN2,19.24,417,8.2,2058,53.4872,128.2666667,1.274525232,7.83E-05,M21:k121_1164151_1,M21:k121_1164151
k121_1101487_1,k121_1101487,1,gb|ACB05808.1|ARO:3003109|msrE,100,491,0,1000,99,99,lincosamide antibiotic;macrolide antibiotic;oxazolidinone antibiotic;phenicol antibiotic;pleuromutilin antibiotic;streptogramin antibiotic;tetracycline antibiotic,msrE,M22,RAIN2,9.636,1476,9.268,2800,94.81824,64.24,0.537510582,0.000109597,M22:k121_1101487_1,M22:k121_1101487
k121_1101487_2,k121_1101487,2,gb|ABI20451.1|ARO:3003741|mphE,100,252,0,515,100,100,macrolide antibiotic,mphE,M22,RAIN2,8.725,756,9.268,2800,43.974,58.16666667,0.486693631,0.000109597,M22:k121_1101487_2,M22:k121_1101487
k121_838571_1,k121_838571,1,gb|AAZ42322.1|ARO:3003836|qacH,99.091,110,1.10E-72,208,99,99,fluoroquinolone antibiotic,qacH,M22,RAIN2,47.58,333,47.169,45520,105.6276,317.2,2.654084009,0.00055779,M22:k121_838571_1,M22:k121_838571
k121_838571_2,k121_838571,2,gb|CAL85435.1|ARO:3001439|OXA-101,100,266,0,545,99,99,cephalosporin;penam,OXA-101,M22,RAIN2,32.854,801,47.169,45520,175.44036,219.0266667,1.832645566,0.00055779,M22:k121_838571_2,M22:k121_838571
k121_1095229_1,k121_1095229,1,gb|AAM77075.1|ARO:3002695|cmlA5,100,210,1.09E-146,411,100,100,phenicol antibiotic,cmlA5,M23,RAIN2,3.333,630,4.425,1557,13.9986,22.22,0.17652962,4.52E-05,M23:k121_1095229_1,M23:k121_1095229
k121_1095229_2,k121_1095229,2,gb|AAD02244.1|ARO:3002580|AAC(6')-Ib9,99.487,195,6.41E-147,403,98,98,aminoglycoside antibiotic,AAC(6')-Ib9,M23,RAIN2,4.809,586,4.425,1557,18.78716,32.06,0.254704753,4.52E-05,M23:k121_1095229_2,M23:k121_1095229
k121_1225913_2,k121_1225913,2,gb|AAA88675.1|ARO:3000498|ErmF,99.624,266,0,536,99,99,lincosamide antibiotic;macrolide antibiotic;streptogramin antibiotic,ErmF,M23,RAIN2,7.775,791,7.487,3324,41.00016667,51.83333333,0.411796518,7.64E-05,M23:k121_1225913_2,M23:k121_1225913
k121_1225913_3,k121_1225913,3,gb|AAA27471.1|ARO:3000205|tetX,99.742,388,0,799,99,99,glycylcycline;tetracycline antibiotic,tetX,M23,RAIN2,8.467,1167,7.487,3324,65.87326,56.44666667,0.448447732,7.64E-05,M23:k121_1225913_3,M23:k121_1225913
k121_435999_42,k121_435999,42,gb|CAL85435.1|ARO:3001439|OXA-101,100,266,0,545,99,99,cephalosporin;penam,OXA-101,M23,RAIN2,59.267,801,54.736,118176,316.48578,395.1133333,3.139028199,0.00055888,M23:k121_435999_42,M23:k121_435999
k121_435999_43,k121_435999,43,gb|AAZ42322.1|ARO:3003836|qacH,99.091,110,1.10E-72,208,99,99,fluoroquinolone antibiotic,qacH,M23,RAIN2,62.195,333,54.736,118176,138.0729,414.6333333,3.294107325,0.00055888,M23:k121_435999_43,M23:k121_435999
k121_84427_1,k121_84427,1,gb|ACB05808.1|ARO:3003109|msrE,100,491,0,1000,99,99,lincosamide antibiotic;macrolide antibiotic;oxazolidinone antibiotic;phenicol antibiotic;pleuromutilin antibiotic;streptogramin antibiotic;tetracycline antibiotic,msrE,M23,RAIN2,19.012,1476,18.294,3851,187.07808,126.7466667,1.006955036,0.00018679,M23:k121_84427_1,M23:k121_84427
k121_84427_2,k121_84427,2,gb|ABI20451.1|ARO:3003741|mphE,100,294,0,600,99,99,macrolide antibiotic,mphE,M23,RAIN2,16.896,885,18.294,3851,99.6864,112.64,0.894882826,0.00018679,M23:k121_84427_2,M23:k121_84427
k121_1221648_1,k121_1221648,1,gb|AEQ73521.1|ARO:3001806|OXA-224,100,96,1.71E-64,192,99,99,cephalosporin;penam,OXA-224,M24,RAIN2,4.114,290,23.162,784,7.953733333,27.42666667,0.21412709,0.000228899,M24:k121_1221648_1,M24:k121_1221648
k121_1221648_2,k121_1221648,2,gb|AAC44316.1|ARO:3005010|qacEdelta1,100,94,1.71E-60,176,100,100,unclassified,qacEdelta1,M24,RAIN2,31.305,282,23.162,784,58.8534,208.7,1.629374955,0.000228899,M24:k121_1221648_2,M24:k121_1221648
k121_244064_1,k121_244064,1,gb|OWG16436.1|ARO:3004489|OXA-663,100,206,1.96E-154,425,99,99,cephalosporin;penam,OXA-663,M24,RAIN2,8.655,621,11.557,1836,35.8317,57.7,0.450478845,0.000114212,M24:k121_244064_1,M24:k121_244064
k121_244064_2,k121_244064,2,gb|CAA26199.1|ARO:3004089|ANT(3'')-IIa,100,269,0,541,99,99,aminoglycoside antibiotic,ANT(3'')-IIa,M24,RAIN2,14.49,815,11.557,1836,78.729,96.6,0.75418122,0.000114212,M24:k121_244064_2,M24:k121_244064
k121_27768_6,k121_27768,6,gb|CAJ13568.1|ARO:3004704|aadA8b,91.506,259,5.06E-178,486,99,99,aminoglycoside antibiotic,aadA8b,M24,RAIN2,11.874,779,16.323,5711,61.66564,79.16,0.618022623,0.000161313,M24:k121_27768_6,M24:k121_27768
k121_27768_7,k121_27768,7,gb|AET05998.1|ARO:3001399|OXA-4,100,172,7.39E-128,357,91,91,cephalosporin;penam,OXA-4,M24,RAIN2,4.118,543,16.323,5711,14.90716,27.45333333,0.214335284,0.000161313,M24:k121_27768_7,M24:k121_27768
k121_54376_3,k121_54376,3,gb|ABI20451.1|ARO:3003741|mphE,100,294,0,600,99,99,macrolide antibiotic,mphE,M24,RAIN2,11.869,884,10.314,5215,69.94797333,79.12666667,0.617762381,0.000101928,M24:k121_54376_3,M24:k121_54376
k121_54376_4,k121_54376,4,gb|ACB05808.1|ARO:3003109|msrE,100,491,0,1000,99,99,lincosamide antibiotic;macrolide antibiotic;oxazolidinone antibiotic;phenicol antibiotic;pleuromutilin antibiotic;streptogramin antibiotic;tetracycline antibiotic,msrE,M24,RAIN2,9.539,1476,10.314,5215,93.86376,63.59333333,0.496489625,0.000101928,M24:k121_54376_4,M24:k121_54376
k121_106280_44,k121_106280,44,gb|CAL85435.1|ARO:3001439|OXA-101,100,266,0,545,99,99,cephalosporin;penam,OXA-101,M25,RAIN2,29.448,799,30.253,120752,156.85968,196.32,1.736895456,0.000357419,M25:k121_106280_44,M25:k121_106280
k121_106280_45,k121_106280,45,gb|AAZ42322.1|ARO:3003836|qacH,99.091,110,1.10E-72,208,99,99,fluoroquinolone antibiotic,qacH,M25,RAIN2,43.796,333,30.253,120752,97.22712,291.9733333,2.583166035,0.000357419,M25:k121_106280_45,M25:k121_106280
k121_1201923_1,k121_1201923,1,gb|AAA27471.1|ARO:3000205|tetX,96.875,128,2.38E-88,258,99,99,glycylcycline;tetracycline antibiotic,tetX,M25,RAIN2,2.7,387,6.786,1565,6.966,18,0.159250806,8.02E-05,M25:k121_1201923_1,M25:k121_1201923
k121_1201923_2,k121_1201923,2,gb|AAA88675.1|ARO:3000498|ErmF,98.872,266,0,535,99,99,lincosamide antibiotic;macrolide antibiotic;streptogramin antibiotic,ErmF,M25,RAIN2,7.604,801,6.786,1565,40.60536,50.69333333,0.448497455,8.02E-05,M25:k121_1201923_2,M25:k121_1201923
k121_174862_1,k121_174862,1,gb|ACB05808.1|ARO:3003109|msrE,100,491,0,1000,99,99,lincosamide antibiotic;macrolide antibiotic;oxazolidinone antibiotic;phenicol antibiotic;pleuromutilin antibiotic;streptogramin antibiotic;tetracycline antibiotic,msrE,M25,RAIN2,11.77,1476,10.534,4451,115.8168,78.46666667,0.69421555,0.000124452,M25:k121_174862_1,M25:k121_174862
k121_174862_2,k121_174862,2,gb|ABI20451.1|ARO:3003741|mphE,100,294,0,600,99,99,macrolide antibiotic,mphE,M25,RAIN2,10.58,879,10.534,4451,61.9988,70.53333333,0.624027232,0.000124452,M25:k121_174862_2,M25:k121_174862
k121_1055632_2,k121_1055632,2,gb|ABI20451.1|ARO:3003741|mphE,100,294,0,600,99,99,macrolide antibiotic,mphE,M26,RAIN2,84.629,885,97.251,4162,499.3111,564.1933333,4.709841942,0.000951014,M26:k121_1055632_2,M26:k121_1055632
k121_1055632_3,k121_1055632,3,gb|ACB05808.1|ARO:3003109|msrE,100,491,0,1000,99,99,lincosamide antibiotic;macrolide antibiotic;oxazolidinone antibiotic;phenicol antibiotic;pleuromutilin antibiotic;streptogramin antibiotic;tetracycline antibiotic,msrE,M26,RAIN2,85.375,1476,97.251,4162,840.09,569.1666667,4.751358941,0.000951014,M26:k121_1055632_3,M26:k121_1055632
k121_359490_3,k121_359490,3,gb|AEJ33969.1|ARO:3000410|sul1,100,279,0,553,99,99,sulfonamide antibiotic;sulfone antibiotic,sul1,M26,RAIN2,38.536,840,40.574,2022,215.8016,256.9066667,2.144636816,0.000396772,M26:k121_359490_3,M26:k121_359490
k121_359490_4,k121_359490,4,gb|AAC44316.1|ARO:3005010|qacEdelta1,100,115,5.86E-77,219,99,99,unclassified,qacEdelta1,M26,RAIN2,28.259,348,40.574,2022,65.56088,188.3933333,1.572692853,0.000396772,M26:k121_359490_4,M26:k121_359490
k121_587848_64,k121_587848,64,gb|AAZ42322.1|ARO:3003836|qacH,99.091,110,1.10E-72,208,99,99,fluoroquinolone antibiotic,qacH,M26,RAIN2,55.937,333,77.104,119819,124.18014,372.9133333,3.113051421,0.000753997,M26:k121_587848_64,M26:k121_587848
k121_587848_65,k121_587848,65,gb|CAL85435.1|ARO:3001439|OXA-101,100,266,0,545,99,99,cephalosporin;penam,OXA-101,M26,RAIN2,70.461,801,77.104,119819,376.26174,469.74,3.921352882,0.000753997,M26:k121_587848_65,M26:k121_587848
k121_938598_1,k121_938598,1,gb|CAA26199.1|ARO:3004089|ANT(3'')-IIa,100,263,0,528,99,99,aminoglycoside antibiotic,ANT(3'')-IIa,M26,RAIN2,20.576,792,41.549,3926,108.64128,137.1733333,1.145112288,0.000406306,M26:k121_938598_1,M26:k121_938598
k121_938598_2,k121_938598,2,gb|AAM92461.1|ARO:3002680|catB8,100,210,1.56E-160,438,99,99,phenicol antibiotic,catB8,M26,RAIN2,4.897,633,41.549,3926,20.66534,32.64666667,0.272531827,0.000406306,M26:k121_938598_2,M26:k121_938598
k121_938598_3,k121_938598,3,gnl|X12870|idbi1515,100,1014,0,1873,100,100,intI1,intI1,M26,RAIN2,91.869,1014,41.549,3926,621.03444,612.46,5.112768311,0.000406306,M26:k121_938598_3,M26:k121_938598
k121_1331048_1,k121_1331048,1,gb|ACB05808.1|ARO:3003109|msrE,100,491,0,1000,99,99,lincosamide antibiotic;macrolide antibiotic;oxazolidinone antibiotic;phenicol antibiotic;pleuromutilin antibiotic;streptogramin antibiotic;tetracycline antibiotic,msrE,M27,RAIN2,184.207,1476,179.018,3794,1812.59688,1228.046667,11.0892643,0.001546251,M27:k121_1331048_1,M27:k121_1331048
k121_1331048_2,k121_1331048,2,gb|ABI20451.1|ARO:3003741|mphE,100,294,0,600,99,99,macrolide antibiotic,mphE,M27,RAIN2,175.914,885,179.018,3794,1037.8926,1172.76,10.59002557,0.001546251,M27:k121_1331048_2,M27:k121_1331048
k121_1351750_1,k121_1351750,1,gb|AAA88675.1|ARO:3000498|ErmF,99.597,248,0,498,100,100,lincosamide antibiotic;macrolide antibiotic;streptogramin antibiotic,ErmF,M27,RAIN2,40.661,744,25.858,2682,201.67856,271.0733333,2.447792841,0.000223346,M27:k121_1351750_1,M27:k121_1351750
k121_1351750_2,k121_1351750,2,gb|AAA27471.1|ARO:3000205|tetX,99.742,388,0,799,99,99,glycylcycline;tetracycline antibiotic,tetX,M27,RAIN2,21.431,1166,25.858,2682,166.5903067,142.8733333,1.290146538,0.000223346,M27:k121_1351750_2,M27:k121_1351750
k121_1442010_1,k121_1442010,1,gb|AAD02244.1|ARO:3002580|AAC(6')-Ib9,100,181,2.19E-136,375,99,99,aminoglycoside antibiotic,AAC(6')-Ib9,M27,RAIN2,26.892,546,20.464,2101,97.88688,179.28,1.618898824,0.000176756,M27:k121_1442010_1,M27:k121_1442010
k121_1442010_2,k121_1442010,2,gb|AAM77075.1|ARO:3002695|cmlA5,100,419,0,824,99,99,phenicol antibiotic,cmlA5,M27,RAIN2,15.545,1260,20.464,2101,130.578,103.6333333,0.935809245,0.000176756,M27:k121_1442010_2,M27:k121_1442010
k121_197218_2,k121_197218,2,gb|AHK10285.1|ARO:3002859|dfrA14,99.363,157,5.72E-119,329,98,98,diaminopyrimidine antibiotic,dfrA14,M27,RAIN2,17.663,475,16.734,1243,55.93283333,117.7533333,1.063312878,0.000144538,M27:k121_197218_2,M27:k121_197218
k121_197218_3,k121_197218,3,gb|AAC64365.1|ARO:3000230|ANT(2'')-Ia,100,45,3.39E-28,94.7,98,98,aminoglycoside antibiotic,ANT(2'')-Ia,M27,RAIN2,1,138,16.734,1243,0.92,6.666666667,0.060200016,0.000144538,M27:k121_197218_3,M27:k121_197218
k121_236482_1,k121_236482,1,gb|AEO92079.1|ARO:3001483|OXA-205,100,159,1.07E-118,332,99,99,cephalosporin;penam,OXA-205,M27,RAIN2,21.363,480,79.056,3498,68.3616,142.42,1.286052937,0.000682839,M27:k121_236482_1,M27:k121_236482
k121_236482_2,k121_236482,2,gb|ACK43806.1|ARO:3002617|aadA17,93.05,259,1.78E-178,488,99,99,aminoglycoside antibiotic,aadA17,M27,RAIN2,16.469,779,79.056,3498,85.52900667,109.7933333,0.99143406,0.000682839,M27:k121_236482_2,M27:k121_236482
k121_236482_3,k121_236482,3,gb|AAC44316.1|ARO:3005010|qacEdelta1,100,115,5.86E-77,219,99,99,unclassified,qacEdelta1,M27,RAIN2,98.276,348,79.056,3498,228.00032,655.1733333,5.916216749,0.000682839,M27:k121_236482_3,M27:k121_236482
k121_236482_4,k121_236482,4,gb|AEJ33969.1|ARO:3000410|sul1,100,279,0,553,99,99,sulfonamide antibiotic;sulfone antibiotic,sul1,M27,RAIN2,102.292,840,79.056,3498,572.8352,681.9466667,6.157980012,0.000682839,M27:k121_236482_4,M27:k121_236482
k121_31735_2,k121_31735,2,gb|AAB59082.1|ARO:3001397|OXA-2,100,275,0,564,86,86,carbapenem;cephalosporin;penam,OXA-2,M27,RAIN2,20.776,954,34.5,1308,132.13536,138.5066667,1.250715527,0.00029799,M27:k121_31735_2,M27:k121_31735
k121_32978_26,k121_32978,26,gb|AAC16242.1|ARO:3005069|rsmA,87.931,58,4.15E-33,104,89,89,diaminopyrimidine antibiotic;fluoroquinolone antibiotic;phenicol antibiotic,rsmA,M27,RAIN2,6.979,193,23.84,63028,8.979646667,46.52666667,0.42013591,0.000205916,M27:k121_32978_26,M27:k121_32978
k121_32978_50,k121_32978,50,gb|BAE77933.1|ARO:3000518|CRP,89.623,212,2.16E-145,400,99,99,fluoroquinolone antibiotic;macrolide antibiotic;penam,CRP,M27,RAIN2,20.631,639,23.84,63028,87.88806,137.54,1.241986525,0.000205916,M27:k121_32978_50,M27:k121_32978
k121_747606_1,k121_747606,1,gb|AAC64365.1|ARO:3000230|ANT(2'')-Ia,96.117,103,9.43E-69,200,100,100,aminoglycoside antibiotic,ANT(2'')-Ia,M27,RAIN2,3.893,307,6.947,1527,7.967673333,25.95333333,0.234358661,6.00E-05,M27:k121_747606_1,M27:k121_747606
k121_747606_2,k121_747606,2,gb|CAM88398.1|ARO:3002370|VEB-1,100,299,0,605,99,99,cephalosporin;monobactam,VEB-1,M27,RAIN2,6.109,900,6.947,1527,36.654,40.72666667,0.367761896,6.00E-05,M27:k121_747606_2,M27:k121_747606
k121_31735_3,k121_31735,3,gnl|Z21672|idbi749,99.383,162,1.39E-80,294,100,100,intI1,intI1,M27,RAIN2,23.216,162,34.5,1308,25.07328,154.7733333,1.397603566,0.00029799,M27:k121_31735_3,M27:k121_31735
k121_1218166_26,k121_1218166,26,gb|AAC16242.1|ARO:3005069|rsmA,87.931,58,4.15E-33,104,89,89,diaminopyrimidine antibiotic;fluoroquinolone antibiotic;phenicol antibiotic,rsmA,M28,RAIN2,17.169,195,39.712,66423,22.3197,114.46,1.048910671,0.000358995,M28:k121_1218166_26,M28:k121_1218166
k121_1218166_50,k121_1218166,50,gb|BAE77933.1|ARO:3000518|CRP,89.623,212,2.16E-145,400,99,99,fluoroquinolone antibiotic;macrolide antibiotic;penam,CRP,M28,RAIN2,39.653,639,39.712,66423,168.92178,264.3533333,2.422532171,0.000358995,M28:k121_1218166_50,M28:k121_1218166
k121_1241282_1,k121_1241282,1,gb|OWG16436.1|ARO:3004489|OXA-663,100,206,1.96E-154,425,99,99,cephalosporin;penam,OXA-663,M28,RAIN2,45.056,621,34.2,872,186.53184,300.3733333,2.752619209,0.000309167,M28:k121_1241282_1,M28:k121_1241282
k121_1241282_2,k121_1241282,2,gb|ABC17627.1|ARO:3002547|AAC(6')-Ib-cr,98.81,84,2.57E-58,174,99,99,aminoglycoside antibiotic;fluoroquinolone antibiotic,AAC(6')-Ib-cr,M28,RAIN2,5.326,224,34.2,872,7.953493333,35.50666667,0.325382855,0.000309167,M28:k121_1241282_2,M28:k121_1241282
k121_1254135_2,k121_1254135,2,gb|ABI20451.1|ARO:3003741|mphE,100,294,0,600,99,99,macrolide antibiotic,mphE,M28,RAIN2,79.699,885,94.664,3555,470.2241,531.3266667,4.869074004,0.00085576,M28:k121_1254135_2,M28:k121_1254135
k121_1254135_3,k121_1254135,3,gb|ACB05808.1|ARO:3003109|msrE,100,491,0,1000,99,99,lincosamide antibiotic;macrolide antibiotic;oxazolidinone antibiotic;phenicol antibiotic;pleuromutilin antibiotic;streptogramin antibiotic;tetracycline antibiotic,msrE,M28,RAIN2,94.601,1476,94.664,3555,930.87384,630.6733333,5.77948619,0.00085576,M28:k121_1254135_3,M28:k121_1254135
k121_1337718_1,k121_1337718,1,gb|AAF17880.1|ARO:3002605|aadA5,100,262,0,528,99,99,aminoglycoside antibiotic,aadA5,M28,RAIN2,32.689,789,58.086,1669,171.94414,217.9266667,1.99707851,0.000525096,M28:k121_1337718_1,M28:k121_1337718
k121_1337718_2,k121_1337718,2,gb|AAZ42322.1|ARO:3003836|qacH,99.091,110,1.10E-72,208,99,99,fluoroquinolone antibiotic,qacH,M28,RAIN2,80.03,333,58.086,1669,177.6666,533.5333333,4.889295883,0.000525096,M28:k121_1337718_2,M28:k121_1337718
k121_1391118_1,k121_1391118,1,gb|CAA26199.1|ARO:3004089|ANT(3'')-IIa,100,259,0,520,99,99,aminoglycoside antibiotic,ANT(3'')-IIa,M28,RAIN2,98.824,780,85.866,4526,513.8848,658.8266667,6.037483148,0.000776226,M28:k121_1391118_1,M28:k121_1391118
k121_1391118_5,k121_1391118,5,gb|AAC44316.1|ARO:3005010|qacEdelta1,100,115,5.86E-77,219,99,99,unclassified,qacEdelta1,M28,RAIN2,112.629,348,85.866,4526,261.29928,750.86,6.880875997,0.000776226,M28:k121_1391118_5,M28:k121_1391118
k121_1391118_6,k121_1391118,6,gb|AEJ33969.1|ARO:3000410|sul1,100,279,0,553,99,99,sulfonamide antibiotic;sulfone antibiotic,sul1,M28,RAIN2,136.199,840,85.866,4526,762.7144,907.9933333,8.320844808,0.000776226,M28:k121_1391118_6,M28:k121_1391118
k121_39089_1,k121_39089,1,gb|ACA34904.1|ARO:3002374|VEB-6,100,147,3.09E-106,301,99,99,cephalosporin;monobactam,VEB-6,M28,RAIN2,5.898,432,13.183,2228,16.98624,39.32,0.360328216,0.000119174,M28:k121_39089_1,M28:k121_39089
k121_39089_2,k121_39089,2,gb|AAC64365.1|ARO:3000230|ANT(2'')-Ia,100,177,4.00E-130,358,99,99,aminoglycoside antibiotic,ANT(2'')-Ia,M28,RAIN2,7.258,534,13.183,2228,25.83848,48.38666667,0.443415088,0.000119174,M28:k121_39089_2,M28:k121_39089
k121_39089_3,k121_39089,3,gb|AHK10285.1|ARO:3002859|dfrA14,100,152,1.02E-115,320,99,99,diaminopyrimidine antibiotic,dfrA14,M28,RAIN2,15.63,459,13.183,2228,47.8278,104.2,0.9548881,0.000119174,M28:k121_39089_3,M28:k121_39089
k121_556970_1,k121_556970,1,gb|ABC17627.1|ARO:3002547|AAC(6')-Ib-cr,93.023,43,9.41E-25,87.4,72,72,aminoglycoside antibiotic;fluoroquinolone antibiotic,AAC(6')-Ib-cr,M28,RAIN2,7.706,180,16.582,1250,9.2472,51.37333333,0.470784882,0.000149901,M28:k121_556970_1,M28:k121_556970
k121_556970_2,k121_556970,2,gb|ADI55014.1|ARO:3002801|QnrVC4,100,218,2.00E-163,446,99,99,fluoroquinolone antibiotic,QnrVC4,M28,RAIN2,14.37,657,16.582,1250,62.9406,95.8,0.877910557,0.000149901,M28:k121_556970_2,M28:k121_556970
k121_1262872_1,k121_1262872,1,gb|CAA26199.1|ARO:3004089|ANT(3'')-IIa,99.62,263,0,526,99,99,aminoglycoside antibiotic,ANT(3'')-IIa,M29,RAIN2,19.626,792,13.396,1440,103.62528,130.84,1.284512036,0.000133401,M29:k121_1262872_1,M29:k121_1262872
k121_1262872_2,k121_1262872,2,gb|ABI63579.1|ARO:3001412|OXA-17,100,137,3.24E-99,282,99,99,cephalosporin;penam,OXA-17,M29,RAIN2,3.174,414,13.396,1440,8.76024,21.16,0.207736737,0.000133401,M29:k121_1262872_2,M29:k121_1262872
k121_1712758_3,k121_1712758,3,gb|ACB05808.1|ARO:3003109|msrE,100,491,0,1000,99,99,lincosamide antibiotic;macrolide antibiotic;oxazolidinone antibiotic;phenicol antibiotic;pleuromutilin antibiotic;streptogramin antibiotic;tetracycline antibiotic,msrE,M29,RAIN2,20.969,1475,18.978,5122,206.1951667,139.7933333,1.372410725,0.000188988,M29:k121_1712758_3,M29:k121_1712758
k121_1712758_4,k121_1712758,4,gb|ABI20451.1|ARO:3003741|mphE,100,294,0,600,99,99,macrolide antibiotic,mphE,M29,RAIN2,17.551,885,18.978,5122,103.5509,117.0066667,1.148704308,0.000188988,M29:k121_1712758_4,M29:k121_1712758
k121_187563_2,k121_187563,2,gb|AHX74209.1|ARO:3001409|OXA-14,100,94,5.01E-65,193,100,100,cephalosporin;penam,OXA-14,M29,RAIN2,5.616,281,65.635,1561,10.52064,37.44,0.367564435,0.00065361,M29:k121_187563_2,M29:k121_187563
k121_187563_1,k121_187563,1,gnl|X12870|idbi1515,100,1014,0,1873,100,100,intI1,intI1,M29,RAIN2,76.386,1014,65.635,1561,516.36936,509.24,4.999426088,0.00065361,M29:k121_187563_1,M29:k121_187563
k121_1656578_1,k121_1656578,1,gb|AAB53445.1|ARO:3002897|SAT-4,98.077,52,1.78E-34,111,98,98,nucleoside antibiotic,SAT-4,M30,RAIN2,2.597,159,4.752,1388,2.75282,17.31333333,0.146010509,3.89E-05,M30:k121_1656578_1,M30:k121_1656578
k121_1656578_2,k121_1656578,2,gb|AGV10830.1|ARO:3002647|APH(3')-IIIa,100,264,0,536,99,99,aminoglycoside antibiotic,APH(3')-IIIa,M30,RAIN2,5.273,794,4.752,1388,27.91174667,35.15333333,0.296462616,3.89E-05,M30:k121_1656578_2,M30:k121_1656578
k121_1665595_1,k121_1665595,1,gb|AAA98406.1|ARO:3001404|OXA-9,100,109,2.24E-78,228,99,99,cephalosporin;penam,OXA-9,M30,RAIN2,0.938,320,89.73,2810,2.001066667,6.253333333,0.052736949,0.000734237,M30:k121_1665595_1,M30:k121_1665595
k121_1665595_2,k121_1665595,2,gb|AAC44316.1|ARO:3005010|qacEdelta1,100,115,5.86E-77,219,99,99,unclassified,qacEdelta1,M30,RAIN2,90.006,348,89.73,2810,208.81392,600.04,5.060385774,0.000734237,M30:k121_1665595_2,M30:k121_1665595
k121_1665595_3,k121_1665595,3,gb|AEJ33969.1|ARO:3000410|sul1,100,279,0,553,99,99,sulfonamide antibiotic;sulfone antibiotic,sul1,M30,RAIN2,108.268,840,89.73,2810,606.3008,721.7866667,6.087125825,0.000734237,M30:k121_1665595_3,M30:k121_1665595
k121_185101_4,k121_185101,4,gb|ACB05808.1|ARO:3003109|msrE,100,491,0,1000,99,99,lincosamide antibiotic;macrolide antibiotic;oxazolidinone antibiotic;phenicol antibiotic;pleuromutilin antibiotic;streptogramin antibiotic;tetracycline antibiotic,msrE,M30,RAIN2,323.141,1476,161.445,10140,3179.70744,2154.273333,18.16787902,0.001321063,M30:k121_185101_4,M30:k121_185101
k121_185101_5,k121_185101,5,gb|ABI20451.1|ARO:3003741|mphE,100,294,0,600,99,99,macrolide antibiotic,mphE,M30,RAIN2,277.045,885,161.445,10140,1634.5655,1846.966667,15.57623466,0.001321063,M30:k121_185101_5,M30:k121_185101
k121_260041_1,k121_260041,1,gb|AAK14293.1|ARO:3002378|VEB-9,100,299,0,605,99,99,cephalosporin;monobactam,VEB-9,M30,RAIN2,7.629,900,7.895,1724,45.774,50.86,0.428923439,6.46E-05,M30:k121_260041_1,M30:k121_260041
k121_260041_2,k121_260041,2,gb|AAC64365.1|ARO:3000230|ANT(2'')-Ia,100,177,4.00E-130,358,99,99,aminoglycoside antibiotic,ANT(2'')-Ia,M30,RAIN2,7.176,522,7.895,1724,24.97248,47.84,0.403454529,6.46E-05,M30:k121_260041_2,M30:k121_260041
k121_553548_1,k121_553548,1,gb|AAA98406.1|ARO:3001404|OXA-9,97.378,267,0,541,100,100,cephalosporin;penam,OXA-9,M30,RAIN2,8.8,801,52.158,2101,46.992,58.66666667,0.494760292,0.000426795,M30:k121_553548_1,M30:k121_553548
k121_553548_2,k121_553548,2,gb|CAA26199.1|ARO:3004089|ANT(3'')-IIa,99.614,259,0,519,99,99,aminoglycoside antibiotic,ANT(3'')-IIa,M30,RAIN2,110.827,780,52.158,2101,576.3004,738.8466667,6.230999868,0.000426795,M30:k121_553548_2,M30:k121_553548
k121_553548_3,k121_553548,3,gb|AID93387.1|ARO:3004660|catB11,99.038,104,1.26E-73,214,99,99,phenicol antibiotic,catB11,M30,RAIN2,1.58,283,52.158,2101,2.980933333,10.53333333,0.088831961,0.000426795,M30:k121_553548_3,M30:k121_553548
k121_68794_1,k121_68794,1,gb|AAZ42322.1|ARO:3003836|qacH,99.091,110,1.10E-72,208,99,99,fluoroquinolone antibiotic,qacH,M30,RAIN2,304.282,333,159.002,2177,675.50604,2028.546667,17.10757398,0.001301072,M30:k121_68794_1,M30:k121_68794
k121_68794_2,k121_68794,2,gb|AAF17880.1|ARO:3002605|aadA5,100,262,0,528,99,99,aminoglycoside antibiotic,aadA5,M30,RAIN2,94.589,789,159.002,2177,497.53814,630.5933333,5.318054685,0.001301072,M30:k121_68794_2,M30:k121_68794
k121_743666_1,k121_743666,1,gb|AAM77075.1|ARO:3002695|cmlA5,100,419,0,824,99,99,phenicol antibiotic,cmlA5,M30,RAIN2,9.165,1259,12.067,3536,76.9249,61.1,0.515281599,9.87E-05,M30:k121_743666_1,M30:k121_743666
k121_743666_2,k121_743666,2,gb|AAD02244.1|ARO:3002580|AAC(6')-Ib9,98.462,195,1.29E-144,397,94,94,aminoglycoside antibiotic,AAC(6')-Ib9,M30,RAIN2,23.146,624,12.067,3536,96.28736,154.3066667,1.301332013,9.87E-05,M30:k121_743666_2,M30:k121_743666
k121_743666_3,k121_743666,3,gb|ADI55014.1|ARO:3002801|QnrVC4,100,218,2.00E-163,446,99,99,fluoroquinolone antibiotic,QnrVC4,M30,RAIN2,7.047,657,12.067,3536,30.86586,46.98,0.396201793,9.87E-05,M30:k121_743666_3,M30:k121_743666
k121_868136_1,k121_868136,1,gb|AAP15294.1|ARO:3002675|catB2,100,84,4.10E-61,181,100,100,phenicol antibiotic,catB2,M30,RAIN2,1.19,252,1.792,414,1.9992,7.933333333,0.066905085,1.47E-05,M30:k121_868136_1,M30:k121_868136
k121_868136_2,k121_868136,2,gb|CAH10847.1|ARO:3002620|aadA23,97.872,47,3.25E-26,91.7,98,98,aminoglycoside antibiotic,aadA23,M30,RAIN2,1.965,141,1.792,414,1.8471,13.1,0.110477724,1.47E-05,M30:k121_868136_2,M30:k121_868136
k121_1099539_4,k121_1099539,4,gb|ACB05808.1|ARO:3003109|msrE,100,491,0,1000,99,99,lincosamide antibiotic;macrolide antibiotic;oxazolidinone antibiotic;phenicol antibiotic;pleuromutilin antibiotic;streptogramin antibiotic;tetracycline antibiotic,msrE,M31,RAIN2,404.979,1476,264.697,7043,3984.99336,2699.86,22.32255332,0.002080889,M31:k121_1099539_4,M31:k121_1099539
k121_1099539_5,k121_1099539,5,gb|ABI20451.1|ARO:3003741|mphE,100,294,0,600,99,99,macrolide antibiotic,mphE,M31,RAIN2,365.175,885,264.697,7043,2154.5325,2434.5,20.12854595,0.002080889,M31:k121_1099539_5,M31:k121_1099539
k121_1686745_1,k121_1686745,1,gb|CAH10847.1|ARO:3002620|aadA23,100,62,7.01E-40,127,98,98,aminoglycoside antibiotic,aadA23,M31,RAIN2,18.333,189,136.34,2271,23.09958,122.22,1.010519978,0.001071823,M31:k121_1686745_1,M31:k121_1686745
k121_1686745_2,k121_1686745,2,gb|AAC44316.1|ARO:3005010|qacEdelta1,100,115,5.86E-77,219,99,99,unclassified,qacEdelta1,M31,RAIN2,116.052,348,136.34,2271,269.24064,773.68,6.396818003,0.001071823,M31:k121_1686745_2,M31:k121_1686745
k121_1686745_3,k121_1686745,3,gb|AEJ33969.1|ARO:3000410|sul1,100,279,0,553,99,99,sulfonamide antibiotic;sulfone antibiotic,sul1,M31,RAIN2,126.16,840,136.34,2271,706.496,841.0666667,6.95397373,0.001071823,M31:k121_1686745_3,M31:k121_1686745
k121_1762201_2,k121_1762201,2,gb|AET05998.1|ARO:3001399|OXA-4,100,276,0,563,99,99,cephalosporin;penam,OXA-4,M31,RAIN2,20.665,831,57.622,2157,114.4841,137.7666667,1.139060456,0.00045299,M31:k121_1762201_2,M31:k121_1762201
k121_1762201_3,k121_1762201,3,gb|CAJ32491.1|ARO:3002622|aadA6/aadA10,100,261,0,529,100,100,aminoglycoside antibiotic,aadA6/aadA10,M31,RAIN2,122.757,783,57.622,2157,640.79154,818.38,6.766399438,0.00045299,M31:k121_1762201_3,M31:k121_1762201
k121_1876298_2,k121_1876298,2,gb|AAM77075.1|ARO:3002695|cmlA5,100,419,0,824,99,99,phenicol antibiotic,cmlA5,M31,RAIN2,8.795,1260,7.809,4484,73.878,58.63333333,0.484782807,6.14E-05,M31:k121_1876298_2,M31:k121_1876298
k121_1876298_4,k121_1876298,4,gb|AAK14293.1|ARO:3002378|VEB-9,100,299,0,605,99,99,cephalosporin;monobactam,VEB-9,M31,RAIN2,6.641,899,7.809,4484,39.80172667,44.27333333,0.366053738,6.14E-05,M31:k121_1876298_4,M31:k121_1876298
k121_1876298_5,k121_1876298,5,gb|AAC64365.1|ARO:3000230|ANT(2'')-Ia,100,177,4.00E-130,358,99,99,aminoglycoside antibiotic,ANT(2'')-Ia,M31,RAIN2,5.206,534,7.809,4484,18.53336,34.70666667,0.286956145,6.14E-05,M31:k121_1876298_5,M31:k121_1876298
k121_1876298_6,k121_1876298,6,gb|AHK10285.1|ARO:3002859|dfrA14,99.363,157,5.72E-119,329,98,98,diaminopyrimidine antibiotic,dfrA14,M31,RAIN2,6.325,483,7.809,4484,20.3665,42.16666667,0.348635731,6.14E-05,M31:k121_1876298_6,M31:k121_1876298
k121_444900_1,k121_444900,1,gb|BAL43360.1|ARO:3003745|mefC,100,61,4.61E-38,126,100,100,macrolide antibiotic,mefC,M31,RAIN2,10.533,182,23.415,1771,12.78004,70.22,0.580581843,0.000184075,M31:k121_444900_1,M31:k121_444900
k121_444900_2,k121_444900,2,gb|AAA27459.1|ARO:3004683|aadS,100,287,0,583,99,99,aminoglycoside antibiotic,aadS,M31,RAIN2,29.633,863,23.415,1771,170.4885267,197.5533333,1.63337907,0.000184075,M31:k121_444900_2,M31:k121_444900
k121_803988_1,k121_803988,1,gb|AID93387.1|ARO:3004660|catB11,99.048,210,4.44E-159,434,99,99,phenicol antibiotic,catB11,M31,RAIN2,5.175,633,63.11,1550,21.8385,34.5,0.285247416,0.000496133,M31:k121_803988_1,M31:k121_803988
k121_803988_2,k121_803988,2,gb|AAO49597.1|ARO:3002601|aadA,99.576,236,6.35E-172,470,100,100,aminoglycoside antibiotic,aadA,M31,RAIN2,125.729,708,63.11,1550,593.44088,838.1933333,6.930216892,0.000496133,M31:k121_803988_2,M31:k121_803988
k121_807551_1,k121_807551,1,gb|AAB59082.1|ARO:3001397|OXA-2,100,275,0,561,99,99,carbapenem;cephalosporin;penam,OXA-2,M31,RAIN2,64.568,828,80.61,1629,356.41536,430.4533333,3.559005832,0.000633708,M31:k121_807551_1,M31:k121_807551
k121_807551_2,k121_807551,2,gb|AAF17880.1|ARO:3002605|aadA5,100,217,9.49E-159,436,99,99,aminoglycoside antibiotic,aadA5,M31,RAIN2,90.075,654,80.61,1629,392.727,600.5,4.964958653,0.000633708,M31:k121_807551_2,M31:k121_807551
k121_1619419_2,k121_1619419,2,gb|AAZ04368.1|ARO:3002385|BEL-1,100,283,0,582,99,99,cephalosporin;monobactam;penam,BEL-1,M32,RAIN2,7.012,851,8.897,1411,39.78141333,46.74666667,0.362319469,6.50E-05,M32:k121_1619419_2,M32:k121_1619419
k121_1619419_3,k121_1619419,3,gb|AKN19287.1|ARO:3002578|AAC(6')-Ib7,88.889,54,3.75E-32,107,96,96,aminoglycoside antibiotic,AAC(6')-Ib7,M32,RAIN2,238.036,168,8.897,1411,266.60032,1586.906667,12.29964019,6.50E-05,M32:k121_1619419_3,M32:k121_1619419
k121_177781_1,k121_177781,1,gb|AID93387.1|ARO:3004660|catB11,99.048,210,4.44E-159,434,99,99,phenicol antibiotic,catB11,M32,RAIN2,103.61,633,278.751,1644,437.2342,690.7333333,5.353668017,0.002036639,M32:k121_177781_1,M32:k121_177781
k121_177781_2,k121_177781,2,gb|CAA26199.1|ARO:3004089|ANT(3'')-IIa,98.8,250,0,499,100,100,aminoglycoside antibiotic,ANT(3'')-IIa,M32,RAIN2,463.095,750,278.751,1644,2315.475,3087.3,23.92874134,0.002036639,M32:k121_177781_2,M32:k121_177781
k121_1797862_1,k121_1797862,1,gb|CAH10847.1|ARO:3002620|aadA23,97.959,49,7.27E-29,99,98,98,aminoglycoside antibiotic,aadA23,M32,RAIN2,74.607,150,347.545,3187,74.607,497.38,3.855044009,0.002539268,M32:k121_1797862_1,M32:k121_1797862
k121_1797862_2,k121_1797862,2,gb|AAA98406.1|ARO:3001404|OXA-9,100,274,0,569,99,99,cephalosporin;penam,OXA-9,M32,RAIN2,23.004,825,347.545,3187,126.522,153.36,1.188647612,0.002539268,M32:k121_1797862_2,M32:k121_1797862
k121_1797862_3,k121_1797862,3,gb|AAC44316.1|ARO:3005010|qacEdelta1,100,115,5.86E-77,219,99,99,unclassified,qacEdelta1,M32,RAIN2,363.693,348,347.545,3187,843.76776,2424.62,18.79250634,0.002539268,M32:k121_1797862_3,M32:k121_1797862
k121_1797862_4,k121_1797862,4,gb|AEJ33969.1|ARO:3000410|sul1,100,279,0,553,99,99,sulfonamide antibiotic;sulfone antibiotic,sul1,M32,RAIN2,484.588,840,347.545,3187,2713.6928,3230.586667,25.03931355,0.002539268,M32:k121_1797862_4,M32:k121_1797862
k121_1824424_1,k121_1824424,1,gb|ACD56151.1|ARO:3002848|arr-3,100,150,1.90E-112,312,89,89,rifamycin antibiotic,arr-3,M32,RAIN2,5.321,504,6.11,712,17.87856,35.47333333,0.274943225,4.46E-05,M32:k121_1824424_1,M32:k121_1824424
k121_1824424_2,k121_1824424,2,gb|ABW91178.1|ARO:3002613|aadA13,100,28,1.94E-13,57.8,62,62,aminoglycoside antibiotic,aadA13,M32,RAIN2,4,135,6.11,712,3.6,26.66666667,0.206685379,4.46E-05,M32:k121_1824424_2,M32:k121_1824424
k121_24130_1,k121_24130,1,gb|AAA27471.1|ARO:3000205|tetX,99.485,388,0,798,99,99,glycylcycline;tetracycline antibiotic,tetX,M32,RAIN2,24.284,1153,22.443,12768,186.6630133,161.8933333,1.254786933,0.000163975,M32:k121_24130_1,M32:k121_24130
k121_24130_2,k121_24130,2,gb|AAA88675.1|ARO:3000498|ErmF,99.248,266,0,535,99,99,lincosamide antibiotic;macrolide antibiotic;streptogramin antibiotic,ErmF,M32,RAIN2,37.154,801,22.443,12768,198.40236,247.6933333,1.919797138,0.000163975,M32:k121_24130_2,M32:k121_24130
k121_307797_2,k121_307797,2,gb|ADI55014.1|ARO:3002801|QnrVC4,100,218,2.00E-163,446,99,99,fluoroquinolone antibiotic,QnrVC4,M32,RAIN2,141.766,657,205.236,2124,620.93508,945.1066667,7.325239843,0.001499516,M32:k121_307797_2,M32:k121_307797
k121_307797_3,k121_307797,3,gb|AAZ42322.1|ARO:3003836|qacH,92.727,110,6.77E-70,201,99,99,fluoroquinolone antibiotic,qacH,M32,RAIN2,47.955,333,205.236,2124,106.4601,319.7,2.477899332,0.001499516,M32:k121_307797_3,M32:k121_307797
k121_307797_4,k121_307797,4,gb|ABC17627.1|ARO:3002547|AAC(6')-Ib-cr,100,58,2.27E-39,124,100,100,aminoglycoside antibiotic;fluoroquinolone antibiotic,AAC(6')-Ib-cr,M32,RAIN2,34.718,174,205.236,2124,40.27288,231.4533333,1.793925743,0.001499516,M32:k121_307797_4,M32:k121_307797
k121_307800_1,k121_307800,1,gb|ABC17627.1|ARO:3002547|AAC(6')-Ib-cr,100,82,1.56E-57,171,98,98,aminoglycoside antibiotic;fluoroquinolone antibiotic,AAC(6')-Ib-cr,M32,RAIN2,150.984,252,185.564,1341,253.65312,1006.56,7.801546297,0.001355786,M32:k121_307800_1,M32:k121_307800
k121_307800_2,k121_307800,2,gb|AAG45720.1|ARO:3001405|OXA-10,100,266,0,545,99,99,cephalosporin;penam,OXA-10,M32,RAIN2,220.926,801,185.564,1341,1179.74484,1472.84,11.41554348,0.001355786,M32:k121_307800_2,M32:k121_307800
k121_378590_1,k121_378590,1,gb|AAZ42322.1|ARO:3003836|qacH,98.182,110,2.22E-72,207,99,99,fluoroquinolone antibiotic,qacH,M32,RAIN2,244.108,333,132.035,1935,541.91976,1627.386667,12.61338859,0.000964687,M32:k121_378590_1,M32:k121_378590
k121_378590_2,k121_378590,2,gb|AAF17880.1|ARO:3002605|aadA5,100,262,0,528,99,99,aminoglycoside antibiotic,aadA5,M32,RAIN2,93.853,789,132.035,1935,493.66678,625.6866667,4.849510707,0.000964687,M32:k121_378590_2,M32:k121_378590
k121_380705_1,k121_380705,1,gb|AFJ11384.1|ARO:3002546|AAC(6')-Ib,100,154,6.76E-114,317,99,99,aminoglycoside antibiotic,AAC(6')-Ib,M32,RAIN2,217.413,465,192.216,2026,673.9803,1449.42,11.23402205,0.001404388,M32:k121_380705_1,M32:k121_380705
k121_380705_2,k121_380705,2,gb|AAM77075.1|ARO:3002695|cmlA5,100,419,0,824,99,99,phenicol antibiotic,cmlA5,M32,RAIN2,170.533,1260,192.216,2026,1432.4772,1136.886667,8.811669414,0.001404388,M32:k121_380705_2,M32:k121_380705
k121_457195_2,k121_457195,2,gb|AAL36430.1|ARO:3004692|aadA10,98.162,272,0,546,96,96,aminoglycoside antibiotic,aadA10,M32,RAIN2,54.835,846,31.867,1973,309.2694,365.5666667,2.833398183,0.00023283,M32:k121_457195_2,M32:k121_457195
k121_457195_3,k121_457195,3,gb|CAP69660.1|ARO:3001811|OXA-129,100,267,0,548,99,99,cephalosporin;penam,OXA-129,M32,RAIN2,14.652,804,31.867,1973,78.53472,97.68,0.757088541,0.00023283,M32:k121_457195_3,M32:k121_457195
k121_48585_1,k121_48585,1,gb|AAC64365.1|ARO:3000230|ANT(2'')-Ia,100,177,4.00E-130,358,99,99,aminoglycoside antibiotic,ANT(2'')-Ia,M32,RAIN2,46.742,534,48.203,1898,166.40152,311.6133333,2.415221991,0.000352186,M32:k121_48585_1,M32:k121_48585
k121_48585_2,k121_48585,2,gb|CAM88398.1|ARO:3002370|VEB-1,100,299,0,605,99,99,cephalosporin;monobactam,VEB-1,M32,RAIN2,40.283,900,48.203,1898,241.698,268.5533333,2.081476776,0.000352186,M32:k121_48585_2,M32:k121_48585
k121_528136_1,k121_528136,1,gb|ACB05808.1|ARO:3003109|msrE,100,491,0,1000,99,99,lincosamide antibiotic;macrolide antibiotic;oxazolidinone antibiotic;phenicol antibiotic;pleuromutilin antibiotic;streptogramin antibiotic;tetracycline antibiotic,msrE,M32,RAIN2,635.127,1476,220.566,11914,6249.64968,4234.18,32.8178661,0.001611521,M32:k121_528136_1,M32:k121_528136
k121_528136_2,k121_528136,2,gb|ABI20451.1|ARO:3003741|mphE,100,294,0,600,99,99,macrolide antibiotic,mphE,M32,RAIN2,590.18,885,220.566,11914,3482.062,3934.533333,30.49539417,0.001611521,M32:k121_528136_2,M32:k121_528136
k121_651419_1,k121_651419,1,gb|AEO92079.1|ARO:3001483|OXA-205,97.015,67,1.57E-40,129,100,100,cephalosporin;penam,OXA-205,M32,RAIN2,1.884,147,15.341,414,1.84632,12.56,0.097348813,0.000112086,M32:k121_651419_1,M32:k121_651419
k121_651419_2,k121_651419,2,gb|CAJ32504.1|ARO:3002606|aadA6,100,60,2.06E-39,127,98,98,aminoglycoside antibiotic,aadA6,M32,RAIN2,20.366,183,15.341,414,24.84652,135.7733333,1.052338605,0.000112086,M32:k121_651419_2,M32:k121_651419
k121_307797_1,k121_307797,1,gnl|X58425|idbi475,100,228,9.00E-119,422,100,100,intI1,intI1,M32,RAIN2,243.268,228,205.236,2124,369.76736,1621.786667,12.56998467,0.001499516,M32:k121_307797_1,M32:k121_307797
k121_1910338_2,k121_1910338,2,gb|ABI20451.1|ARO:3003741|mphE,100,294,0,600,99,99,macrolide antibiotic,mphE,M43,SD,7.239,884,7.793,3349,42.66184,48.26,0.559329294,8.13E-05,M43:k121_1910338_2,M43:k121_1910338
k121_1910338_3,k121_1910338,3,gb|ACB05808.1|ARO:3003109|msrE,100,491,0,1000,99,99,lincosamide antibiotic;macrolide antibiotic;oxazolidinone antibiotic;phenicol antibiotic;pleuromutilin antibiotic;streptogramin antibiotic;tetracycline antibiotic,msrE,M43,SD,7.094,1476,7.793,3349,69.80496,47.29333333,0.548125709,8.13E-05,M43:k121_1910338_3,M43:k121_1910338
